plate_id,Dose,term,contrast,null.value,estimate,conf.low,conf.high,adj.p.value
17betaestradiol,Dose1,as.factor(Group),B-A,0,3.004149219642386,-142.76329348493647,148.77159192422124,0.9999999299342638
17betaestradiol,Dose1,as.factor(Group),C-A,0,37.06046846846857,-106.70951092262351,180.83044785956065,0.9720466808410283
17betaestradiol,Dose1,as.factor(Group),C-B,0,34.056319248826185,-111.23450570544836,179.34714420310073,0.9901443168095927
17betaestradiol,Dose2,as.factor(Group),B-A,0,220.92636111111074,56.34160852594917,385.51111369627233,0.01860131960277575
17betaestradiol,Dose2,as.factor(Group),C-A,0,396.99701369862964,232.98841898543049,561.0056084118288,9.856450403423547e-7
17betaestradiol,Dose2,as.factor(Group),C-B,0,176.0706525875189,10.385293127299633,341.7560120477382,0.09105645616687799
17betaestradiol,Dose3,as.factor(Group),B-A,0,-29.653333333333194,-173.87922320414899,114.5725565374826,0.9999999299342638
17betaestradiol,Dose3,as.factor(Group),C-A,0,-76.83533333333332,-221.06122320414912,67.39055653748247,0.6182474202628484
17betaestradiol,Dose3,as.factor(Group),C-B,0,-47.18200000000013,-191.40788987081592,97.04388987081566,0.8952997249875967
17betaestradiol,Dose4,as.factor(Group),B-A,0,82.15473972602729,-51.337838462692616,215.6473179147472,0.5096586304020239
17betaestradiol,Dose4,as.factor(Group),C-A,0,128.63873972602767,-4.853838462692238,262.13131791474757,0.14846905453256737
17betaestradiol,Dose4,as.factor(Group),C-B,0,46.48400000000038,-86.10353332500105,179.0715333250018,0.8767164004707552
17betaestradiol,Dose5,as.factor(Group),B-A,0,-117.62066666666635,-258.0263328315872,22.78499949825445,0.2408510254430315
17betaestradiol,Dose5,as.factor(Group),C-A,0,57.53000000000043,-82.87566616492037,197.93566616492123,0.7913519777295744
17betaestradiol,Dose5,as.factor(Group),C-B,0,175.15066666666678,34.74500050174598,315.5563328315876,0.03298001304962975
17betaestradiol,Control,as.factor(Group),B-A,0,-118.14558333333343,-250.74860409868035,14.457437432013478,0.19836641796302948
17betaestradiol,Control,as.factor(Group),C-A,0,-68.12973993288631,-200.95052959397765,64.69104972820503,0.6436170466598631
17betaestradiol,Control,as.factor(Group),C-B,0,50.015843400447125,-81.4471323005202,181.47881910141444,0.8361546103424918
1decanol,Dose1,as.factor(Group),B-A,0,-117.1911230425053,-245.78666037514452,11.404414290133928,0.1840311489909073
1decanol,Dose1,as.factor(Group),C-A,0,-201.9126666666665,-330.29298119184216,-73.53235214149086,0.003475772769738927
1decanol,Dose1,as.factor(Group),C-B,0,-84.7215436241612,-213.31708095680042,43.873993708478025,0.44724051996033704
1decanol,Dose2,as.factor(Group),B-A,0,-4.343677852348492,-137.44925582204112,128.76190011734414,0.9999999299342638
1decanol,Dose2,as.factor(Group),C-A,0,-116.52901118568184,-249.63458915537447,16.576566784010794,0.20912380861616975
1decanol,Dose2,as.factor(Group),C-B,0,-112.18533333333335,-245.06814030510554,20.69747363843885,0.23491067892037307
1decanol,Dose3,as.factor(Group),B-A,0,-175.07999999999993,-299.8241580544705,-50.33584194552934,0.012191606416347913
1decanol,Dose3,as.factor(Group),C-A,0,-43.719999999999914,-168.4641580544705,81.02415805447067,0.8767164004707552
1decanol,Dose3,as.factor(Group),C-B,0,131.36,6.615841945529425,256.1041580544706,0.09473816565325302
1decanol,Dose4,as.factor(Group),B-A,0,76.02266666666685,-35.96884923007089,188.01418256340457,0.4238988578441329
1decanol,Dose4,as.factor(Group),C-A,0,114.00733333333358,2.015817436595839,225.9988492300713,0.11496330143038788
1decanol,Dose4,as.factor(Group),C-B,0,37.984666666666726,-74.00684923007101,149.97618256340445,0.8842660971811473
1decanol,Dose5,as.factor(Group),B-A,0,-127.37400000000025,-243.99551397335068,-10.752486026649834,0.07673492150998665
1decanol,Dose5,as.factor(Group),C-A,0,-64.60133333333374,-181.22284730668417,52.020180640016676,0.5885518628515517
1decanol,Dose5,as.factor(Group),C-B,0,62.77266666666651,-53.84884730668391,179.39418064001694,0.6107452649879738
1decanol,Control,as.factor(Group),B-A,0,-56.84266666666656,-186.6211603582257,72.93582702489257,0.7550393590794062
1decanol,Control,as.factor(Group),C-A,0,-33.511333333333255,-163.2898270248924,96.26716035822588,0.9720466808410283
1decanol,Control,as.factor(Group),C-B,0,23.331333333333305,-106.44716035822583,153.10982702489244,0.9999999299342638
1octanol,Dose1,as.factor(Group),B-A,0,103.58933333333403,-2.9768146467434633,210.1554813134115,0.1423661284275871
1octanol,Dose1,as.factor(Group),C-A,0,-106.31213953488259,-217.13044789675024,4.506168826985075,0.15143458504278637
1octanol,Dose1,as.factor(Group),C-B,0,-209.90147286821662,-320.71978123008427,-99.08316450634895,2.526092509100045e-4
1octanol,Dose2,as.factor(Group),B-A,0,-79.38741496598618,-197.59408526828523,38.819255336312864,0.4318078358733957
1octanol,Dose2,as.factor(Group),C-A,0,-17.570289855072815,-137.70793847069388,102.56735876054823,0.9999999299342638
1octanol,Dose2,as.factor(Group),C-B,0,61.817125110913366,-58.90650215225688,182.5407523740836,0.6436170466598631
1octanol,Dose3,as.factor(Group),B-A,0,-99.14733333333265,-225.657263811344,27.362597144678688,0.2989337891588949
1octanol,Dose3,as.factor(Group),C-A,0,-15.538118721461046,-142.9116082379217,111.8353707949996,0.9999999299342638
1octanol,Dose3,as.factor(Group),C-B,0,83.60921461187161,-43.764274904589044,210.98270412833227,0.4493358452122957
1octanol,Dose4,as.factor(Group),B-A,0,-22.302803652967896,-128.32066229878114,83.71505499284537,0.9999999299342638
1octanol,Dose4,as.factor(Group),C-A,0,-165.84500185116622,-272.21560200535265,-59.47440169697977,0.0038535081971808435
1octanol,Dose4,as.factor(Group),C-B,0,-143.54219819819832,-249.19642467498045,-37.88797172141621,0.016632500098440053
1octanol,Dose5,as.factor(Group),B-A,0,-185.37746341463298,-305.33098034901593,-65.42394648025002,0.004302448696227069
1octanol,Dose5,as.factor(Group),C-A,0,-234.90466666666475,-348.7720172170445,-121.03731611628501,5.068212312238965e-5
1octanol,Dose5,as.factor(Group),C-B,0,-49.52720325203177,-169.48072018641471,70.42631368235119,0.7870156709030423
1octanol,Control,as.factor(Group),B-A,0,81.11266666666666,-24.31625136253477,186.5415846958681,0.3137364541222673
1octanol,Control,as.factor(Group),C-A,0,100.89672549019645,-7.211394281018286,209.00484526141116,0.16824080748025408
1octanol,Control,as.factor(Group),C-B,0,19.78405882352979,-88.32406094768494,127.89217859474452,0.9999999299342638
24DMP,Dose1,as.factor(Group),B-A,0,-61.1597360178971,-186.5132523719936,64.19378033619937,0.6776187742074646
24DMP,Dose1,as.factor(Group),C-A,0,-66.05533333333301,-191.19905286030183,59.0883861936358,0.6245297637075298
24DMP,Dose1,as.factor(Group),C-B,0,-4.895597315435907,-130.2491136695324,120.45791903866056,0.9999999299342638
24DMP,Dose2,as.factor(Group),B-A,0,-289.34866666666744,-408.7338968608155,-169.9634364725194,9.768090827057462e-7
24DMP,Dose2,as.factor(Group),C-A,0,-340.410000000001,-459.79523019414904,-221.02476980585294,5.0971625743719244e-9
24DMP,Dose2,as.factor(Group),C-B,0,-51.06133333333355,-170.4465635274816,68.32389686081451,0.7716943305875397
24DMP,Dose3,as.factor(Group),B-A,0,-92.89066666666713,-211.32893799830651,25.54760466497227,0.2989337891588949
24DMP,Dose3,as.factor(Group),C-A,0,-217.34666666666715,-335.78493799830653,-98.90839533502775,4.282642295344726e-4
24DMP,Dose3,as.factor(Group),C-B,0,-124.45600000000002,-242.8942713316394,-6.017728668360618,0.09523521906648602
24DMP,Dose4,as.factor(Group),B-A,0,-0.01667114093811506,-109.986754833431,109.95341255155476,0.9999999299342638
24DMP,Dose4,as.factor(Group),C-A,0,323.1426621923938,213.1725784999009,433.1127458848867,1.3175715902928704e-9
24DMP,Dose4,as.factor(Group),C-B,0,323.1593333333319,213.37330011910782,432.945366547556,1.2666444559883416e-9
24DMP,Dose5,as.factor(Group),B-A,0,-49.774000000000115,-173.42362878420374,73.87562878420353,0.8034743011710701
24DMP,Dose5,as.factor(Group),C-A,0,86.57066666666674,-37.0789621175369,210.22029545087037,0.3969159817914373
24DMP,Dose5,as.factor(Group),C-B,0,136.34466666666685,12.695037882463211,259.9942954508705,0.07326041295295813
24DMP,Control,as.factor(Group),B-A,0,105.34573643410829,-18.887612932381245,229.57908580059782,0.23139742255879442
24DMP,Control,as.factor(Group),C-A,0,-8.040000000000191,-127.5064463693036,111.42644636930322,0.9999999299342638
24DMP,Control,as.factor(Group),C-B,0,-113.38573643410848,-237.61908580059801,10.847612932381054,0.18343677860093188
24DNP,Dose1,as.factor(Group),B-A,0,79.93666666666684,-59.01649757079613,218.8898309041298,0.5534061162529427
24DNP,Dose1,as.factor(Group),C-A,0,43.85333333333347,-95.0998309041295,182.80649757079644,0.9092210574833318
24DNP,Dose1,as.factor(Group),C-B,0,-36.08333333333337,-175.03649757079634,102.8698309041296,0.9720466808410283
24DNP,Dose2,as.factor(Group),B-A,0,120.58784787472064,-2.968082514656601,244.14377826409788,0.1403547164957047
24DNP,Dose2,as.factor(Group),C-A,0,116.58533333333366,-6.76380874309929,239.9344754097666,0.15993103043429432
24DNP,Dose2,as.factor(Group),C-B,0,-4.002514541386972,-127.55844493076421,119.55341584799027,0.9999999299342638
24DNP,Dose3,as.factor(Group),B-A,0,-94.39199999999983,-219.92303989558798,31.13903989558834,0.3324703218771602
24DNP,Dose3,as.factor(Group),C-A,0,-20.207567567567366,-146.1619848536273,105.74684971849256,0.9999999299342638
24DNP,Dose3,as.factor(Group),C-B,0,74.18443243243246,-51.76998485362746,200.1388497184924,0.5383301260259353
24DNP,Dose4,as.factor(Group),B-A,0,50.76666666666665,-66.62174102351602,168.15507435684933,0.7641446557638946
24DNP,Dose4,as.factor(Group),C-A,0,-42.076000000000136,-159.4644076901828,75.31240769018254,0.8698420593054007
24DNP,Dose4,as.factor(Group),C-B,0,-92.84266666666679,-210.23107435684946,24.545741023515887,0.29221980104098866
24DNP,Dose5,as.factor(Group),B-A,0,-259.6460000000004,-376.5135555580344,-142.77844444196643,8.555254519958058e-6
24DNP,Dose5,as.factor(Group),C-A,0,-25.027999999999906,-141.8955555580339,91.83955555803406,0.9999999299342638
24DNP,Dose5,as.factor(Group),C-B,0,234.6180000000005,117.75044444196654,351.4855555580345,8.303830223094127e-5
24DNP,Control,as.factor(Group),B-A,0,-118.13333333333367,-223.76451064297726,-12.502156023690063,0.06908572787312965
24DNP,Control,as.factor(Group),C-A,0,-81.62533333333363,-187.25651064297722,24.005843976309976,0.3111702363743759
24DNP,Control,as.factor(Group),C-B,0,36.50800000000004,-69.12317730964357,142.13917730964363,0.8767164004707552
34DCA,Dose1,as.factor(Group),B-A,0,-202.60441610738167,-337.6333147147535,-67.57551750000985,0.006022893225215875
34DCA,Dose1,as.factor(Group),C-A,0,-98.5897494407161,-233.61864804808792,36.43914916665571,0.36113013348182044
34DCA,Dose1,as.factor(Group),C-B,0,104.01466666666556,-30.788241993855877,238.817575327187,0.311672035778761
34DCA,Dose2,as.factor(Group),B-A,0,64.530666666667,-31.249650448746948,160.31098378208094,0.4307639724093538
34DCA,Dose2,as.factor(Group),C-A,0,195.54133333333402,99.76101621792007,291.32165044874796,6.113742433158703e-5
34DCA,Dose2,as.factor(Group),C-B,0,131.01066666666702,35.23034955125307,226.79098378208096,0.015583374860136117
34DCA,Dose3,as.factor(Group),B-A,0,-17.606918538257105,-133.48065761384396,98.26682053732974,0.9999999299342638
34DCA,Dose3,as.factor(Group),C-A,0,-151.95532394366217,-267.4501891101452,-36.46045877717917,0.021844951460934063
34DCA,Dose3,as.factor(Group),C-B,0,-134.34840540540506,-248.6343170587252,-20.06249375208492,0.05017200316728921
34DCA,Dose4,as.factor(Group),B-A,0,29.1339999999999,-77.44787086835616,135.71587086835598,0.9691949341892531
34DCA,Dose4,as.factor(Group),C-A,0,35.69728735632191,-71.79946613676773,143.19404084941155,0.8907046623922564
34DCA,Dose4,as.factor(Group),C-B,0,6.563287356322007,-100.93346613676763,114.06004084941165,0.9999999299342638
34DCA,Dose5,as.factor(Group),B-A,0,-98.17862005697475,-204.21957751911776,7.862337405168276,0.17223440314859592
34DCA,Dose5,as.factor(Group),C-A,0,5.395894484412338,-100.47432722793516,111.26611619675984,0.9999999299342638
34DCA,Dose5,as.factor(Group),C-B,0,103.57451454138709,-0.4354052059911311,207.5844342887653,0.127992377638337
34DCA,Control,as.factor(Group),B-A,0,-14.00733333333335,-121.67463795099133,93.65997128432463,0.9999999299342638
34DCA,Control,as.factor(Group),C-A,0,-156.6953333333339,-264.3626379509919,-49.02802871567593,0.008393781796324959
34DCA,Control,as.factor(Group),C-B,0,-142.68800000000056,-250.35530461765853,-35.02069538234258,0.020885984087529643
4C3MP,Dose1,as.factor(Group),B-A,0,-430.4613567534842,-582.3611272070466,-278.5615862999218,6.868327573350541e-9
4C3MP,Dose1,as.factor(Group),C-A,0,-236.67545931758536,-383.4857461122014,-89.86517252296932,0.002657077566209708
4C3MP,Dose1,as.factor(Group),C-B,0,193.78589743589885,47.895803968983216,339.6759909028145,0.02061084392202663
4C3MP,Dose2,as.factor(Group),B-A,0,-185.90941724941683,-336.842635907664,-34.97619859116966,0.036280688653933725
4C3MP,Dose2,as.factor(Group),C-A,0,-227.68142857142732,-383.1910481548934,-72.17180898796124,0.007969446778434763
4C3MP,Dose2,as.factor(Group),C-B,0,-41.772011322010485,-190.73845495647254,107.19443231245157,0.959767633866255
4C3MP,Dose3,as.factor(Group),B-A,0,-131.15440601503815,-282.52901116582643,20.220199135750136,0.2182232527740787
4C3MP,Dose3,as.factor(Group),C-A,0,-274.8887573663892,-426.74328225582866,-123.03423247694974,5.245972432844503e-4
4C3MP,Dose3,as.factor(Group),C-B,0,-143.73435135135105,-290.986927156355,3.518224453652948,0.1403547164957047
4C3MP,Dose4,as.factor(Group),B-A,0,-196.28264185478895,-320.66308965094305,-71.90219405863485,0.0033726969809981526
4C3MP,Dose4,as.factor(Group),C-A,0,-344.04999722668936,-471.39300944339243,-216.70698500998628,3.653933172698132e-8
4C3MP,Dose4,as.factor(Group),C-B,0,-147.7673553719004,-278.7336877951079,-16.801022948692918,0.06626802078360394
4C3MP,Dose5,as.factor(Group),B-A,0,-162.13778559699676,-307.37722531339523,-16.8983458805983,0.06952654968630952
4C3MP,Dose5,as.factor(Group),C-A,0,79.46743947175378,-67.29849589973287,226.23337484324043,0.6060260137807029
4C3MP,Dose5,as.factor(Group),C-B,0,241.60522506875054,95.33233987113442,387.87811026636666,0.0019147461058762832
4C3MP,Control,as.factor(Group),B-A,0,-165.55798135464158,-291.50518647902106,-39.61077623026212,0.021888147844542502
4C3MP,Control,as.factor(Group),C-A,0,-291.1240091324196,-415.79660656529103,-166.45141169954815,2.520499173803386e-6
4C3MP,Control,as.factor(Group),C-B,0,-125.566027777778,-250.67659676058292,-0.45545879497309727,0.12281359748300949
4TOP,Dose1,as.factor(Group),B-A,0,35.24733333333313,-102.31955820300368,172.81422486966994,0.9720466808410283
4TOP,Dose1,as.factor(Group),C-A,0,64.77466666666658,-72.79222486967024,202.3415582030034,0.7062658496511743
4TOP,Dose1,as.factor(Group),C-B,0,29.527333333333445,-108.03955820300337,167.09422486967026,0.9999999299342638
4TOP,Dose2,as.factor(Group),B-A,0,74.05133333333356,-44.15092623006275,192.25359289672986,0.49260818966441944
4TOP,Dose2,as.factor(Group),C-A,0,54.16466666666702,-64.0375928967293,172.3669262300633,0.7240861131806203
4TOP,Dose2,as.factor(Group),C-B,0,-19.886666666666542,-138.08892623006284,98.31559289672977,0.9999999299342638
4TOP,Dose3,as.factor(Group),B-A,0,-101.60333333333335,-235.65468669846587,32.44802003179916,0.3258833237205788
4TOP,Dose3,as.factor(Group),C-A,0,-110.56533333333357,-244.61668669846608,23.486020031798944,0.2538438870958577
4TOP,Dose3,as.factor(Group),C-B,0,-8.962000000000216,-143.01335336513273,125.0893533651323,0.9999999299342638
4TOP,Dose4,as.factor(Group),B-A,0,24.690000000000055,-98.15476694090113,147.53476694090125,0.9999999299342638
4TOP,Dose4,as.factor(Group),C-A,0,323.77866666666705,200.93389972576585,446.62343360756824,7.511425400193635e-8
4TOP,Dose4,as.factor(Group),C-B,0,299.088666666667,176.2438997257658,421.9334336075682,8.723483740075471e-7
4TOP,Dose5,as.factor(Group),B-A,0,199.57466666666642,81.82023814054871,317.3290951927841,0.0013616903842822523
4TOP,Dose5,as.factor(Group),C-A,0,192.4771904761908,72.63845095990462,312.315929992477,0.0027059917288762654
4TOP,Dose5,as.factor(Group),C-B,0,-7.097476190475618,-126.9362157067618,112.74126332581056,0.9999999299342638
4TOP,Control,as.factor(Group),B-A,0,-51.466000000000236,-172.84418156286262,69.91218156286216,0.7757090137656524
4TOP,Control,as.factor(Group),C-A,0,4.297333333333199,-117.0808482295292,125.6755148961956,0.9999999299342638
4TOP,Control,as.factor(Group),C-B,0,55.763333333333435,-65.61484822952896,177.14151489619582,0.7236152560394199
4TPP,Dose1,as.factor(Group),B-A,0,-107.58970353275299,-254.08752564283603,38.90811857733004,0.35549559920855395
4TPP,Dose1,as.factor(Group),C-A,0,-232.2967888040704,-373.5332670900831,-91.06031051805772,0.0020316406580641946
4TPP,Dose1,as.factor(Group),C-B,0,-124.7070852713174,-266.52680223906566,17.112631696430896,0.2057074667795123
4TPP,Dose2,as.factor(Group),B-A,0,74.53133333333335,-52.56837005759857,201.63103672426527,0.5416770076729827
4TPP,Dose2,as.factor(Group),C-A,0,20.8066666666665,-106.29303672426542,147.90637005759842,0.9999999299342638
4TPP,Dose2,as.factor(Group),C-B,0,-53.72466666666685,-180.82437005759877,73.37503672426507,0.7757090137656524
4TPP,Dose3,as.factor(Group),B-A,0,72.33666666666647,-50.387792659162855,195.06112599249582,0.5383301260259353
4TPP,Dose3,as.factor(Group),C-A,0,123.75999999999999,1.0355406741706616,246.48445932582933,0.11994755398917072
4TPP,Dose3,as.factor(Group),C-B,0,51.42333333333352,-71.30112599249581,174.14779265916286,0.7810287018023744
4TPP,Dose4,as.factor(Group),B-A,0,214.6373333333337,95.21890376958586,334.05576289708154,5.705293993674912e-4
4TPP,Dose4,as.factor(Group),C-A,0,229.9546666666671,110.53623710291927,349.37309623041494,1.8838477929361555e-4
4TPP,Dose4,as.factor(Group),C-B,0,15.317333333333409,-104.10109623041441,134.73576289708123,0.9999999299342638
4TPP,Dose5,as.factor(Group),B-A,0,-123.4950872483214,-236.2522382479903,-10.737936248652503,0.07604829540467568
4TPP,Dose5,as.factor(Group),C-A,0,-86.40842058165526,-199.16557158132417,26.34873041801363,0.316090199220993
4TPP,Dose5,as.factor(Group),C-B,0,37.08666666666613,-75.48176930367035,149.6551026370026,0.8932871026945397
4TPP,Control,as.factor(Group),B-A,0,-173.29666666666708,-292.3975607681417,-54.19577256519244,0.008393781796324959
4TPP,Control,as.factor(Group),C-A,0,-214.2386666666672,-333.33956076814184,-95.13777256519256,5.705293993674912e-4
4TPP,Control,as.factor(Group),C-B,0,-40.94200000000012,-160.04289410147476,78.15889410147452,0.8780121522802634
Aniline,Dose1,as.factor(Group),B-A,0,74.02052068126386,-66.83396094216837,214.8750023046961,0.625608406490751
Aniline,Dose1,as.factor(Group),C-A,0,-129.21666666666715,-266.8440974897369,8.410764156402621,0.1645616201454939
Aniline,Dose1,as.factor(Group),C-B,0,-203.237187347931,-344.0916689713632,-62.38270572449878,0.009143507951993394
Aniline,Dose2,as.factor(Group),B-A,0,-276.35000000000093,-398.71220448576514,-153.98779551423672,5.853553085678813e-6
Aniline,Dose2,as.factor(Group),C-A,0,-152.62600000000054,-274.98820448576475,-30.26379551423632,0.03298001304962975
Aniline,Dose2,as.factor(Group),C-B,0,123.72400000000039,1.3617955142361637,246.0862044857646,0.11919486208156213
Aniline,Dose3,as.factor(Group),B-A,0,-1.6233333333333348,-132.92954127434407,129.6828746076774,0.9999999299342638
Aniline,Dose3,as.factor(Group),C-A,0,161.14533333333372,29.839125392322984,292.45154127434444,0.03690921780837715
Aniline,Dose3,as.factor(Group),C-B,0,162.76866666666706,31.46245872565632,294.07487460767777,0.03464497503252799
Aniline,Dose4,as.factor(Group),B-A,0,-21.4073333333331,-130.79361809835797,87.97895143169178,0.9999999299342638
Aniline,Dose4,as.factor(Group),C-A,0,102.50066666666692,-6.885618098357966,211.88695143169178,0.16552010697712025
Aniline,Dose4,as.factor(Group),C-B,0,123.90800000000002,14.521715234975133,233.29428476502488,0.06499634429635218
Aniline,Dose5,as.factor(Group),B-A,0,393.20866666666757,274.6675197433623,511.74981358997286,0
Aniline,Dose5,as.factor(Group),C-A,0,65.6486666666666,-52.89248025663869,184.1898135899719,0.5885518628515517
Aniline,Dose5,as.factor(Group),C-B,0,-327.56000000000097,-446.10114692330626,-209.01885307669568,1.581010674759195e-8
Aniline,Control,as.factor(Group),B-A,0,140.9006666666669,21.19317423314085,260.60815910019295,0.049943251130030106
Aniline,Control,as.factor(Group),C-A,0,86.97066666666706,-32.736825766858985,206.6781591001931,0.36559806082290436
Aniline,Control,as.factor(Group),C-B,0,-53.929999999999836,-173.6374924335259,65.7774924335262,0.7338476052892677
BPA,Dose1,as.factor(Group),B-A,0,-86.72534693877549,-211.08649126292966,37.635797385378666,0.4001807370876604
BPA,Dose1,as.factor(Group),C-A,0,-236.07801360544204,-360.4391579295962,-111.71686928128788,2.4374076631852485e-4
BPA,Dose1,as.factor(Group),C-B,0,-149.35266666666655,-273.0841302646611,-25.62120306867199,0.0412893896971642
BPA,Dose2,as.factor(Group),B-A,0,-70.54066666666688,-185.41694334130648,44.33561000797272,0.5096586304020239
BPA,Dose2,as.factor(Group),C-A,0,31.105333333333306,-83.77094334130629,145.9816100079729,0.9707992304168106
BPA,Dose2,as.factor(Group),C-B,0,101.64600000000019,-13.230276674639413,216.52227667463978,0.20321965631997693
BPA,Dose3,as.factor(Group),B-A,0,65.12,-43.12413515117407,173.36413515117408,0.5225109198361149
BPA,Dose3,as.factor(Group),C-A,0,-10.070666666666625,-118.3148018178407,98.17346848450745,0.9999999299342638
BPA,Dose3,as.factor(Group),C-B,0,-75.19066666666663,-183.4348018178407,33.05346848450745,0.4034278181862048
BPA,Dose4,as.factor(Group),B-A,0,-25.098666666666873,-133.40823794516766,83.21090461183391,0.9901443168095927
BPA,Dose4,as.factor(Group),C-A,0,-102.3333333333336,-210.64290461183438,5.976237945167185,0.15993103043429432
BPA,Dose4,as.factor(Group),C-B,0,-77.23466666666673,-185.5442379451675,31.074904611834057,0.38082014795475583
BPA,Dose5,as.factor(Group),B-A,0,307.32733333333374,211.43210072299138,403.2225659436761,0
BPA,Dose5,as.factor(Group),C-A,0,154.16600000000005,58.27076738965769,250.06123261034242,0.0026995284313790554
BPA,Dose5,as.factor(Group),C-B,0,-153.1613333333337,-249.05656594367605,-57.266100722991325,0.0029010933646248034
BPA,Control,as.factor(Group),B-A,0,7.416666666666515,-92.53376061691317,107.3670939502462,0.9999999299342638
BPA,Control,as.factor(Group),C-A,0,-106.0113333333336,-205.9617606169133,-6.0609060497539105,0.09174832474339695
BPA,Control,as.factor(Group),C-B,0,-113.42800000000011,-213.3784272835798,-13.477572716420426,0.06447283779963464
BPAF,Dose1,as.factor(Group),B-A,0,-325.64377777777815,-443.4675440797359,-207.82001147582042,1.581010674759195e-8
BPAF,Dose1,as.factor(Group),C-A,0,-447.21377777777695,-565.0375440797347,-329.3900114758192,0
BPAF,Dose1,as.factor(Group),C-B,0,-121.5699999999988,-238.1852854709203,-4.954714529077322,0.09960138047584952
BPAF,Dose2,as.factor(Group),B-A,0,-185.9345190156589,-292.41318479608856,-79.45585323522924,9.21994680067001e-4
BPAF,Dose2,as.factor(Group),C-A,0,-87.23851901566002,-193.71718479608967,19.240146764769648,0.25880606127595646
BPAF,Dose2,as.factor(Group),C-B,0,98.69599999999889,-7.604458683516029,204.99645868351382,0.1705364512854918
BPAF,Dose3,as.factor(Group),B-A,0,-31.69400000000053,-151.32456489990597,87.9365648999049,0.9720466808410283
BPAF,Dose3,as.factor(Group),C-A,0,-94.69466666666722,-214.32523156657265,24.935898233238206,0.29221980104098866
BPAF,Dose3,as.factor(Group),C-B,0,-63.00066666666669,-182.63123156657213,56.629898233238734,0.6252013835208023
BPAF,Dose4,as.factor(Group),B-A,0,-21.82815602836854,-151.13047615964976,107.47416410291268,0.9999999299342638
BPAF,Dose4,as.factor(Group),C-A,0,-176.9548226950351,-306.25714282631634,-47.65250256375387,0.015583374860136117
BPAF,Dose4,as.factor(Group),C-B,0,-155.12666666666655,-282.41376237502357,-27.83957095830951,0.03874437198357927
BPAF,Dose5,as.factor(Group),B-A,0,-143.3400000000005,-276.4796542583134,-10.200345741687528,0.08385608426210958
BPAF,Dose5,as.factor(Group),C-A,0,76.79533333333325,-56.34432092497971,209.9349875916462,0.5534061162529427
BPAF,Dose5,as.factor(Group),C-B,0,220.13533333333373,86.99567907502077,353.27498759164666,0.0018989311891140445
BPAF,Control,as.factor(Group),B-A,0,-349.50000000000057,-482.4656782065575,-216.53432179344364,7.996653382326611e-8
BPAF,Control,as.factor(Group),C-A,0,-330.25133333333406,-463.217011539891,-197.28565512677713,4.7482074726591283e-7
BPAF,Control,as.factor(Group),C-B,0,19.24866666666651,-113.71701153989042,152.21434487322344,0.9999999299342638
ClofibricAcid,Dose1,as.factor(Group),B-A,0,-192.28066666666723,-297.2639461436627,-87.29738718967175,4.3192786863596163e-4
ClofibricAcid,Dose1,as.factor(Group),C-A,0,-135.2873333333339,-240.27061281032937,-30.304053856338413,0.025496555269145432
ClofibricAcid,Dose1,as.factor(Group),C-B,0,56.99333333333334,-47.98994614366214,161.97661281032882,0.6060260137807029
ClofibricAcid,Dose2,as.factor(Group),B-A,0,-8.914000000000328,-129.4985709716692,111.67057097166855,0.9999999299342638
ClofibricAcid,Dose2,as.factor(Group),C-A,0,82.24585034013535,-38.95238653352092,203.44408721379162,0.4238988578441329
ClofibricAcid,Dose2,as.factor(Group),C-B,0,91.15985034013568,-30.038386533520594,212.35808721379195,0.3324703218771602
ClofibricAcid,Dose3,as.factor(Group),B-A,0,-63.01533333333339,-174.59215447662797,48.56148780996118,0.5704471834353468
ClofibricAcid,Dose3,as.factor(Group),C-A,0,-305.94266666666715,-417.51948780996173,-194.36584552337257,2.0566569992507378e-8
ClofibricAcid,Dose3,as.factor(Group),C-B,0,-242.92733333333376,-354.50415447662834,-131.35051219003918,1.4213835496481586e-5
ClofibricAcid,Dose4,as.factor(Group),B-A,0,-135.11733333333393,-239.2015570360206,-31.03310963064726,0.023910318869818033
ClofibricAcid,Dose4,as.factor(Group),C-A,0,-167.29466666666735,-271.37889036935405,-63.21044296398068,0.0026995284313790554
ClofibricAcid,Dose4,as.factor(Group),C-B,0,-32.17733333333342,-136.2615570360201,71.90689036935325,0.9160995848683059
ClofibricAcid,Dose5,as.factor(Group),B-A,0,126.96827293064916,-3.136821901441351,257.0733677627397,0.1403547164957047
ClofibricAcid,Dose5,as.factor(Group),C-A,0,-44.976666666666574,-174.86401223345678,84.91067890012363,0.8767164004707552
ClofibricAcid,Dose5,as.factor(Group),C-B,0,-171.94493959731574,-302.05003442940625,-41.83984476522522,0.02126986429904671
ClofibricAcid,Control,as.factor(Group),B-A,0,342.32200000000057,220.27195770004124,464.3720422999599,9.422176302334e-9
ClofibricAcid,Control,as.factor(Group),C-A,0,-12.468000000000075,-134.5180422999594,109.58204229995927,0.9999999299342638
ClofibricAcid,Control,as.factor(Group),C-B,0,-354.79000000000065,-476.84004229996,-232.73995770004132,2.2215755901555667e-9
DES,Dose1,as.factor(Group),B-A,0,-153.08533333333344,-274.1902941582709,-31.980372508395973,0.029771321302176475
DES,Dose1,as.factor(Group),C-A,0,-181.08933333333357,-302.194294158271,-59.984372508396106,0.006238329121692037
DES,Dose1,as.factor(Group),C-B,0,-28.004000000000133,-149.10896082493758,93.10096082493733,0.9901443168095927
DES,Dose2,as.factor(Group),B-A,0,-48.599333333333334,-188.20958959388352,91.01092292721685,0.8767164004707552
DES,Dose2,as.factor(Group),C-A,0,70.34000000000026,-69.27025626054993,209.95025626055045,0.6563753587031946
DES,Dose2,as.factor(Group),C-B,0,118.9393333333336,-20.670922927216594,258.54958959388375,0.22772300820483093
DES,Dose3,as.factor(Group),B-A,0,-103.66200000000038,-247.83774793985606,40.51374793985531,0.3733204353866668
DES,Dose3,as.factor(Group),C-A,0,-159.64266666666708,-303.81841460652277,-15.4669187268114,0.07186958760803837
DES,Dose3,as.factor(Group),C-B,0,-55.98066666666671,-200.1564146065224,88.19508127318898,0.8272475528163685
DES,Dose4,as.factor(Group),B-A,0,33.62733333333313,-77.27371434878961,144.52838101545586,0.9240896473070851
DES,Dose4,as.factor(Group),C-A,0,55.01399999999978,-55.887047682122954,165.91504768212252,0.6649248144972995
DES,Dose4,as.factor(Group),C-B,0,21.386666666666656,-89.51438101545608,132.2877143487894,0.9999999299342638
DES,Dose5,as.factor(Group),B-A,0,-226.69799999999998,-358.23072049935115,-95.16527950064881,0.0010871557196922678
DES,Dose5,as.factor(Group),C-A,0,-81.17666666666662,-212.7093871660178,50.35605383268455,0.5085038414932629
DES,Dose5,as.factor(Group),C-B,0,145.52133333333336,13.988612833982188,277.05405383268453,0.07191801250925267
DES,Control,as.factor(Group),B-A,0,-105.38933333333341,-232.7870982754706,22.00843160880379,0.251756535596972
DES,Control,as.factor(Group),C-A,0,49.18800000000033,-78.20976494213687,176.58576494213753,0.8294195914851382
DES,Control,as.factor(Group),C-B,0,154.57733333333374,27.17956839119654,281.97509827547094,0.03974355225042979
Dimethylformamide,Dose1,as.factor(Group),B-A,0,107.80264876957563,-14.622270330796937,230.2275678699482,0.20567092027340492
Dimethylformamide,Dose1,as.factor(Group),C-A,0,-225.18466666666654,-347.4046903613445,-102.96464297198858,4.031532692137344e-4
Dimethylformamide,Dose1,as.factor(Group),C-B,0,-332.98731543624217,-455.41223453661473,-210.5623963358696,2.703983385025619e-8
Dimethylformamide,Dose2,as.factor(Group),B-A,0,53.833333333333485,-59.55045598684231,167.21712265350928,0.7000035779651781
Dimethylformamide,Dose2,as.factor(Group),C-A,0,-276.847607142857,-399.4722071188633,-154.22300716685066,5.97148365270477e-6
Dimethylformamide,Dose2,as.factor(Group),C-B,0,-330.68094047619047,-453.3055404521968,-208.05634050018415,3.68449365417689e-8
Dimethylformamide,Dose3,as.factor(Group),B-A,0,-249.7686666666673,-353.0374092292934,-146.49992410404116,9.856450403423547e-7
Dimethylformamide,Dose3,as.factor(Group),C-A,0,63.11466666666638,-40.154075895959735,166.3834092292925,0.5119816309808987
Dimethylformamide,Dose3,as.factor(Group),C-B,0,312.88333333333367,209.61459077070754,416.1520758959598,0
Dimethylformamide,Dose4,as.factor(Group),B-A,0,-213.26333333333378,-336.0968359582694,-90.42983070839811,0.0010035497572596303
Dimethylformamide,Dose4,as.factor(Group),C-A,0,-386.20733333333396,-509.0408359582696,-263.3738307083983,0
Dimethylformamide,Dose4,as.factor(Group),C-B,0,-172.9440000000002,-295.77750262493583,-50.110497375064526,0.011855727057591275
Dimethylformamide,Dose5,as.factor(Group),B-A,0,125.79866666666726,13.930662210367586,237.66667112296693,0.06708768731381713
Dimethylformamide,Dose5,as.factor(Group),C-A,0,117.52600000000052,5.657995543700849,229.3940044563002,0.09523521906648602
Dimethylformamide,Dose5,as.factor(Group),C-B,0,-8.272666666666737,-120.14067112296641,103.59533778963294,0.9999999299342638
Dimethylformamide,Control,as.factor(Group),B-A,0,6.367333333333249,-113.233175560383,125.9678422270495,0.9999999299342638
Dimethylformamide,Control,as.factor(Group),C-A,0,-77.64466666666704,-197.2451755603833,41.95584222704922,0.4600723265456861
Dimethylformamide,Control,as.factor(Group),C-B,0,-84.01200000000028,-203.61250889371655,35.58850889371597,0.3944018160731746
DMSO,Dose1,as.factor(Group),B-A,0,-49.539999999999964,-181.48687042448432,82.4068704244844,0.8416436705358703
DMSO,Dose1,as.factor(Group),C-A,0,-108.13533333333339,-240.08220375781775,23.811537091150967,0.25880606127595646
DMSO,Dose1,as.factor(Group),C-B,0,-58.59533333333343,-190.5422037578178,73.35153709115093,0.7447997878640115
DMSO,Dose2,as.factor(Group),B-A,0,-26.120666666666693,-126.1396979203445,73.89836458701112,0.9720466808410283
DMSO,Dose2,as.factor(Group),C-A,0,-58.40200000000016,-158.42103125367797,41.61703125367765,0.5448518144078996
DMSO,Dose2,as.factor(Group),C-B,0,-32.281333333333464,-132.30036458701127,67.73769792034435,0.9009464670186468
DMSO,Dose3,as.factor(Group),B-A,0,75.74758041957978,-34.19009615089624,185.6852569900558,0.410398059445848
DMSO,Dose3,as.factor(Group),C-A,0,-114.4953333333334,-223.111822453854,-5.878844212812822,0.09457812273628782
DMSO,Dose3,as.factor(Group),C-B,0,-190.24291375291318,-300.1805903233892,-80.30523718243717,0.0010370885420509094
DMSO,Dose4,as.factor(Group),B-A,0,-31.94291666666652,-155.61942457969712,91.73359124636409,0.9720466808410283
DMSO,Dose4,as.factor(Group),C-A,0,25.72489795918375,-97.31679475113057,148.76659066949807,0.9999999299342638
DMSO,Dose4,as.factor(Group),C-B,0,57.66781462585027,-65.58876759442482,180.92439684612538,0.7103260290916551
DMSO,Dose5,as.factor(Group),B-A,0,-9.032000000000494,-126.78739314339843,108.72339314339744,0.9999999299342638
DMSO,Dose5,as.factor(Group),C-A,0,-101.57400000000075,-219.3293931433987,16.181393143397187,0.22103436257011402
DMSO,Dose5,as.factor(Group),C-B,0,-92.54200000000026,-210.2973931433982,25.21339314339768,0.29809813530174645
DMSO,Control,as.factor(Group),B-A,0,143.12599999999986,33.1690298292764,253.08297017072334,0.023609252254590495
DMSO,Control,as.factor(Group),C-A,0,43.083333333333144,-66.87363683739032,153.04030350405662,0.8224131942049955
DMSO,Control,as.factor(Group),C-B,0,-100.04266666666672,-209.9996368373902,9.914303504056747,0.18471905614573372
EE2,Dose1,as.factor(Group),B-A,0,-260.9239999999992,-389.2596509411259,-132.58834905887244,6.604411477934795e-5
EE2,Dose1,as.factor(Group),C-A,0,-147.24782312925095,-276.23658592670654,-18.259060331795354,0.06201891101563197
EE2,Dose1,as.factor(Group),C-B,0,113.67617687074824,-15.312585926707357,242.66493966820383,0.20567092027340492
EE2,Dose2,as.factor(Group),B-A,0,-58.361030303030134,-175.4667202313778,58.74465962531754,0.6620896939054394
EE2,Dose2,as.factor(Group),C-A,0,-71.08666666666659,-186.78502679982327,44.611693466490095,0.5096586304020239
EE2,Dose2,as.factor(Group),C-B,0,-12.725636363636454,-129.8313262919841,104.38005356471122,0.9999999299342638
EE2,Dose3,as.factor(Group),B-A,0,-63.86982102908314,-154.49504749453502,26.755405436368733,0.391853233582017
EE2,Dose3,as.factor(Group),C-A,0,-155.4959955257276,-246.12122199117948,-64.87076906027573,0.0011380737330222157
EE2,Dose3,as.factor(Group),C-B,0,-91.62617449664447,-182.40282166328728,-0.849527330001635,0.11987260936183593
EE2,Dose4,as.factor(Group),B-A,0,-21.514829931972827,-157.16508953001093,114.13542966606528,0.9999999299342638
EE2,Dose4,as.factor(Group),C-A,0,-42.05882993197281,-177.7090895300109,93.5914296660653,0.9160995848683059
EE2,Dose4,as.factor(Group),C-B,0,-20.543999999999983,-155.5074184272558,114.41941842725583,0.9999999299342638
EE2,Dose5,as.factor(Group),B-A,0,1.6866666666667243,-118.77918456524365,122.1525178985771,0.9999999299342638
EE2,Dose5,as.factor(Group),C-A,0,-310.3060000000004,-430.7718512319108,-189.84014876809,1.5304795311088524e-7
EE2,Dose5,as.factor(Group),C-B,0,-311.9926666666671,-432.4585178985775,-191.5268154347567,1.3094995487961114e-7
EE2,Control,as.factor(Group),B-A,0,-54.44000000000028,-185.88290598315973,77.00290598315917,0.7866199058314026
EE2,Control,as.factor(Group),C-A,0,-10.253333333333558,-141.696239316493,121.18957264982589,0.9999999299342638
EE2,Control,as.factor(Group),C-B,0,44.186666666666724,-87.25623931649272,175.62957264982617,0.8876033317954538
Fadrozole,Dose1,as.factor(Group),B-A,0,196.8211154598821,-9.411951455275386,403.05418237503955,0.1543409478229997
Fadrozole,Dose1,as.factor(Group),C-A,0,-16.98352380952406,-221.8661258090586,187.89907819001047,0.9999999299342638
Fadrozole,Dose1,as.factor(Group),C-B,0,-213.80463926940615,-416.4980018834299,-11.111276655382397,0.09457812273628782
Fadrozole,Dose2,as.factor(Group),B-A,0,727.4363448275856,583.8875942614447,870.9850953937264,0
Fadrozole,Dose2,as.factor(Group),C-A,0,286.54466666666553,144.21762981212638,428.8717035212047,7.949948837238097e-5
Fadrozole,Dose2,as.factor(Group),C-B,0,-440.89167816092004,-584.4404287270609,-297.3429275947792,0
Fadrozole,Dose3,as.factor(Group),B-A,0,461.65466666666714,330.04760132564303,593.2617320076913,0
Fadrozole,Dose3,as.factor(Group),C-A,0,7.909999999999968,-123.69706534102414,139.51706534102408,0.9999999299342638
Fadrozole,Dose3,as.factor(Group),C-B,0,-453.7446666666672,-585.3517320076912,-322.13760132564306,0
Fadrozole,Dose4,as.factor(Group),B-A,0,-210.212,-336.6473534592528,-83.77664654074714,0.0017618012868158043
Fadrozole,Dose4,as.factor(Group),C-A,0,-12.057333333333418,-138.49268679258626,114.37802012591943,0.9999999299342638
Fadrozole,Dose4,as.factor(Group),C-B,0,198.15466666666657,71.71931320741372,324.5900201259194,0.0036164675656639718
Fadrozole,Dose5,as.factor(Group),B-A,0,14.399333333333288,-127.84481087909128,156.64347754575786,0.9999999299342638
Fadrozole,Dose5,as.factor(Group),C-A,0,-69.8126666666667,-212.05681087909127,72.43147754575787,0.6736445843652391
Fadrozole,Dose5,as.factor(Group),C-B,0,-84.21199999999999,-226.45614421242456,58.03214421242458,0.5372971667841845
Fadrozole,Control,as.factor(Group),B-A,0,31.908000000000357,-93.54874651391923,157.36474651391995,0.9720466808410283
Fadrozole,Control,as.factor(Group),C-A,0,43.37066666666692,-82.08607984725266,168.82741318058652,0.8767164004707552
Fadrozole,Control,as.factor(Group),C-B,0,11.462666666666564,-113.99407984725302,136.91941318058616,0.9999999299342638
Fenitrothion,Dose1,as.factor(Group),B-A,0,-103.40836689037928,-195.68257680956413,-11.134156971194457,0.06842922334950317
Fenitrothion,Dose1,as.factor(Group),C-A,0,-24.58570022371339,-116.85991014289822,67.68850969547144,0.9720466808410283
Fenitrothion,Dose1,as.factor(Group),C-B,0,78.8226666666659,-13.297109320150653,170.94244265348243,0.22528771421298804
Fenitrothion,Dose2,as.factor(Group),B-A,0,-66.97030769230787,-183.35478355529608,49.41416817068033,0.5534061162529427
Fenitrothion,Dose2,as.factor(Group),C-A,0,-41.437333333333186,-153.58822049775372,70.71355383108735,0.8508835883533266
Fenitrothion,Dose2,as.factor(Group),C-B,0,25.532974358974684,-90.85150150401351,141.9174502219629,0.9995534970364899
Fenitrothion,Dose3,as.factor(Group),B-A,0,5.256153846153666,-105.70797742298856,116.2202851152959,0.9999999299342638
Fenitrothion,Dose3,as.factor(Group),C-A,0,-180.52866666666716,-287.45637908695494,-73.60095424637942,0.0014197650954951766
Fenitrothion,Dose3,as.factor(Group),C-B,0,-185.78482051282083,-296.74895178196306,-74.8206892436786,0.0016030869411123281
Fenitrothion,Dose4,as.factor(Group),B-A,0,-139.42466666666667,-281.53507600428486,2.685742670951555,0.13813168390614536
Fenitrothion,Dose4,as.factor(Group),C-A,0,-18.34999999999968,-160.4604093376179,123.76040933761854,0.9999999299342638
Fenitrothion,Dose4,as.factor(Group),C-B,0,121.07466666666699,-21.035742670951237,263.1850760042852,0.22772300820483093
Fenitrothion,Dose5,as.factor(Group),B-A,0,100.27800000000047,-16.92525768300773,217.48125768300866,0.22528771421298804
Fenitrothion,Dose5,as.factor(Group),C-A,0,163.8166666666673,46.613408983659085,281.0199243496755,0.01267355848106603
Fenitrothion,Dose5,as.factor(Group),C-B,0,63.53866666666681,-53.66459101634139,180.741924349675,0.6060260137807029
Fenitrothion,Control,as.factor(Group),B-A,0,-123.025671232876,-255.42461319664253,9.373270730890539,0.1705364512854918
Fenitrothion,Control,as.factor(Group),C-A,0,-90.59133333333307,-222.0926450017534,40.90997833508726,0.410398059445848
Fenitrothion,Control,as.factor(Group),C-B,0,32.434337899542925,-99.96460406422361,164.83327986330946,0.983618284368634
Fluoxetine,Dose1,as.factor(Group),B-A,0,-265.9735749440713,-383.1029160960801,-148.84423379206245,5.316418769945647e-6
Fluoxetine,Dose1,as.factor(Group),C-A,0,-194.36981303930895,-313.56552699542794,-75.17409908318994,0.0022582034006368443
Fluoxetine,Dose1,as.factor(Group),C-B,0,71.60376190476234,-47.399323506300604,190.6068473158253,0.5225109198361149
Fluoxetine,Dose2,as.factor(Group),B-A,0,-181.69066666666697,-293.1464430326583,-70.23489030067567,0.0022582034006368443
Fluoxetine,Dose2,as.factor(Group),C-A,0,-26.18666666666695,-137.64244303265826,85.26910969932435,0.9901443168095927
Fluoxetine,Dose2,as.factor(Group),C-B,0,155.50400000000002,44.04822363400872,266.95977636599133,0.012830990099945134
Fluoxetine,Dose3,as.factor(Group),B-A,0,145.25399999999968,27.36288182313298,263.1451181768664,0.036280688653933725
Fluoxetine,Dose3,as.factor(Group),C-A,0,90.32866666666655,-27.562451510200148,208.21978484353326,0.316090199220993
Fluoxetine,Dose3,as.factor(Group),C-B,0,-54.92533333333313,-172.81645151019984,62.96578484353357,0.7124821175858592
Fluoxetine,Dose4,as.factor(Group),B-A,0,-207.2333333333338,-327.51220304271976,-86.95446362394786,0.0010871557196922678
Fluoxetine,Dose4,as.factor(Group),C-A,0,-99.70933333333369,-219.98820304271965,20.569536376052255,0.25055765306338484
Fluoxetine,Dose4,as.factor(Group),C-B,0,107.52400000000011,-12.75486970938583,227.80286970938607,0.19689524202934705
Fluoxetine,Dose5,as.factor(Group),B-A,0,85.56266666666681,-43.45238289571046,214.57771622904409,0.4409487932469331
Fluoxetine,Dose5,as.factor(Group),C-A,0,-113.56000000000006,-242.57504956237733,15.455049562377212,0.20567092027340492
Fluoxetine,Dose5,as.factor(Group),C-B,0,-199.12266666666687,-328.13771622904414,-70.1076171042896,0.004302448696227069
Fluoxetine,Control,as.factor(Group),B-A,0,-113.96933333333334,-246.19441883448545,18.25575216781877,0.22103436257011402
Fluoxetine,Control,as.factor(Group),C-A,0,195.8566666666669,63.6315811655148,328.081752167819,0.006942544976630821
Fluoxetine,Control,as.factor(Group),C-B,0,309.82600000000025,177.60091449884814,442.05108550115233,2.3714235218519343e-6
Flutamide,Dose1,as.factor(Group),B-A,0,97.15051362827012,-48.40766671126707,242.7086939678073,0.4363236558137951
Flutamide,Dose1,as.factor(Group),C-A,0,-117.29540136054402,-262.6124241292839,28.021621408195898,0.27344624280761337
Flutamide,Dose1,as.factor(Group),C-B,0,-214.44591498881414,-359.26953343084307,-69.62229654678521,0.006942544976630821
Flutamide,Dose2,as.factor(Group),B-A,0,100.82733333333204,-10.10849156168581,211.76315822834988,0.18488394366149727
Flutamide,Dose2,as.factor(Group),C-A,0,-20.41497091722647,-131.53677385545524,90.70683202100228,0.9999999299342638
Flutamide,Dose2,as.factor(Group),C-B,0,-121.2423042505585,-232.36410718878727,-10.12050131232975,0.07689085271002272
Flutamide,Dose3,as.factor(Group),B-A,0,8.873999999999796,-113.16285541961774,130.91085541961735,0.9999999299342638
Flutamide,Dose3,as.factor(Group),C-A,0,-88.39933333333374,-210.4361887529513,33.637522086283795,0.3677753160426638
Flutamide,Dose3,as.factor(Group),C-B,0,-97.27333333333354,-219.3101887529511,24.763522086284,0.2859027515747785
Flutamide,Dose4,as.factor(Group),B-A,0,253.146666666667,120.57608486392908,385.7172484694049,2.2000045595100062e-4
Flutamide,Dose4,as.factor(Group),C-A,0,175.71739639639668,42.69969500456233,308.73509778823103,0.02126986429904671
Flutamide,Dose4,as.factor(Group),C-B,0,-77.42927027027031,-210.44697166210466,55.58843112156404,0.5467141354060348
Flutamide,Dose5,as.factor(Group),B-A,0,-41.26733333333323,-160.56747194549402,78.03280527882757,0.8767164004707552
Flutamide,Dose5,as.factor(Group),C-A,0,99.97133333333352,-19.328805278827275,219.2714719454943,0.2408510254430315
Flutamide,Dose5,as.factor(Group),C-B,0,141.23866666666675,21.93852805450595,260.53880527882757,0.048216023101387825
Flutamide,Control,as.factor(Group),B-A,0,190.25466666666694,70.28177752396894,310.22755580936496,0.003151943099171779
Flutamide,Control,as.factor(Group),C-A,0,173.39333333333343,53.420444190635436,293.36622247603145,0.00902721006537817
Flutamide,Control,as.factor(Group),C-B,0,-16.861333333333505,-136.8342224760315,103.11155580936449,0.9999999299342638
Glyphosate,Dose1,as.factor(Group),B-A,0,-32.44600000000037,-165.67679323729166,100.78479323729093,0.983618284368634
Glyphosate,Dose1,as.factor(Group),C-A,0,-153.19333333333395,-286.4241265706253,-19.96254009604266,0.059016903645599514
Glyphosate,Dose1,as.factor(Group),C-B,0,-120.74733333333359,-253.97812657062488,12.483459903957709,0.1863849425203438
Glyphosate,Dose2,as.factor(Group),B-A,0,-263.8318378378367,-396.73769665145073,-130.9259790242227,1.0447481823581128e-4
Glyphosate,Dose2,as.factor(Group),C-A,0,-149.42799999999988,-281.8871151670205,-16.968884832979228,0.06626802078360394
Glyphosate,Dose2,as.factor(Group),C-B,0,114.40383783783682,-18.502020975777185,247.30969665145082,0.2211179535200955
Glyphosate,Dose3,as.factor(Group),B-A,0,-263.91600000000085,-406.9932096450296,-120.8387903549721,4.031532692137344e-4
Glyphosate,Dose3,as.factor(Group),C-A,0,-158.77266666666765,-301.8498763116964,-15.695457021638902,0.07151470246213537
Glyphosate,Dose3,as.factor(Group),C-B,0,105.1433333333332,-37.93387631169554,248.22054297836195,0.35549559920855395
Glyphosate,Dose4,as.factor(Group),B-A,0,-186.3373333333334,-317.961087577024,-54.71357908964279,0.011226026965646929
Glyphosate,Dose4,as.factor(Group),C-A,0,-152.74600000000032,-284.3697542436909,-21.122245756309724,0.055255120671556655
Glyphosate,Dose4,as.factor(Group),C-B,0,33.59133333333307,-98.03242091035753,165.21508757702367,0.9720466808410283
Glyphosate,Dose5,as.factor(Group),B-A,0,-7.662000000000262,-127.02175731828022,111.6977573182797,0.9999999299342638
Glyphosate,Dose5,as.factor(Group),C-A,0,12.401999999999816,-106.95775731828014,131.76175731827976,0.9999999299342638
Glyphosate,Dose5,as.factor(Group),C-B,0,20.064000000000078,-99.29575731827988,139.42375731828002,0.9999999299342638
Glyphosate,Control,as.factor(Group),B-A,0,153.75220512820556,17.354812113980472,290.14959814243065,0.06629266555665696
Glyphosate,Control,as.factor(Group),C-A,0,70.06087179487167,-66.33652121935341,206.45826480909676,0.6436170466598631
Glyphosate,Control,as.factor(Group),C-B,0,-83.69133333333389,-215.12715000932886,47.744483342661084,0.47662189839425634
Malathion,Dose1,as.factor(Group),B-A,0,-240.28066666666734,-381.0401590277819,-99.52117430555279,0.00122905810003277
Malathion,Dose1,as.factor(Group),C-A,0,-161.88174358974402,-307.9547721264795,-15.808715053008513,0.0718319346509031
Malathion,Dose1,as.factor(Group),C-B,0,78.39892307692332,-67.67410545981218,224.47195161365883,0.6119796693914369
Malathion,Dose2,as.factor(Group),B-A,0,-75.00733333333335,-178.72841072545754,28.713744058790837,0.36842913100843666
Malathion,Dose2,as.factor(Group),C-A,0,55.16133333333346,-48.55974405879073,158.88241072545765,0.6183437092304438
Malathion,Dose2,as.factor(Group),C-B,0,130.1686666666668,26.447589274542622,233.889744058791,0.031604116939356636
Malathion,Dose3,as.factor(Group),B-A,0,-222.78521393034805,-326.55710481477877,-119.01332304591735,1.96933661980122e-5
Malathion,Dose3,as.factor(Group),C-A,0,-18.988547263681426,-122.76043814811213,84.78334362074928,0.9999999299342638
Malathion,Dose3,as.factor(Group),C-B,0,203.79666666666662,102.99030105976581,304.60303227356746,7.416099230692524e-5
Malathion,Dose4,as.factor(Group),B-A,0,-145.1926666666668,-239.37993538009033,-51.0053979532433,0.004334892887443969
Malathion,Dose4,as.factor(Group),C-A,0,-193.58600000000024,-287.77326871342376,-99.39873128657673,5.3385936043611373e-5
Malathion,Dose4,as.factor(Group),C-B,0,-48.39333333333343,-142.58060204675695,45.793935380090076,0.6436170466598631
Malathion,Dose5,as.factor(Group),B-A,0,-32.52083449883423,-126.24363753020248,61.20196853253401,0.8767164004707552
Malathion,Dose5,as.factor(Group),C-A,0,50.4946666666666,-42.10181284211647,143.0911461754497,0.6035746748261834
Malathion,Dose5,as.factor(Group),C-B,0,83.01550116550084,-10.707301865867407,176.73830419686908,0.20305581483948373
Malathion,Control,as.factor(Group),B-A,0,243.77627397260085,136.18267036346407,351.3698775817376,5.496380863245775e-6
Malathion,Control,as.factor(Group),C-A,0,101.8059999999997,-5.058147038317529,208.67014703831694,0.1547537047429265
Malathion,Control,as.factor(Group),C-B,0,-141.97027397260115,-249.56387758173793,-34.376670363464356,0.021364307739639453
Prochloraz,Dose1,as.factor(Group),B-A,0,-5.775333333333151,-130.52849931945724,118.97783265279094,0.9999999299342638
Prochloraz,Dose1,as.factor(Group),C-A,0,10.848857142857128,-117.82904603566305,139.5267603213773,0.9999999299342638
Prochloraz,Dose1,as.factor(Group),C-B,0,16.62419047619028,-112.0537127023299,145.30209365471046,0.9999999299342638
Prochloraz,Dose2,as.factor(Group),B-A,0,20.608666666666522,-110.1298156180498,151.34714895138285,0.9999999299342638
Prochloraz,Dose2,as.factor(Group),C-A,0,80.07999999999993,-50.6584822847164,210.81848228471625,0.5109945208683769
Prochloraz,Dose2,as.factor(Group),C-B,0,59.471333333333405,-71.26714895138292,190.20981561804973,0.727001327204384
Prochloraz,Dose3,as.factor(Group),B-A,0,-58.96866666666676,-182.2012499811094,64.26391664777587,0.6945981145302206
Prochloraz,Dose3,as.factor(Group),C-A,0,-196.18066666666687,-319.4132499811095,-72.94808335222423,0.003011513202969355
Prochloraz,Dose3,as.factor(Group),C-B,0,-137.2120000000001,-260.44458331444275,-13.979416685557467,0.07017568506362076
Prochloraz,Dose4,as.factor(Group),B-A,0,-331.81600000000094,-472.1050959782326,-191.52690402176924,1.8439994046586933e-6
Prochloraz,Dose4,as.factor(Group),C-A,0,-332.32466666666767,-472.61376264489934,-192.03557068843597,1.8079590871253764e-6
Prochloraz,Dose4,as.factor(Group),C-B,0,-0.508666666666727,-140.79776264489843,139.78042931156497,0.9999999299342638
Prochloraz,Dose5,as.factor(Group),B-A,0,-81.02066666666644,-207.93167081636022,45.89033748302734,0.476147522945378
Prochloraz,Dose5,as.factor(Group),C-A,0,84.17466666666724,-42.736337483026546,211.08567081636102,0.4409487932469331
Prochloraz,Dose5,as.factor(Group),C-B,0,165.19533333333368,38.2843291836399,292.10633748302746,0.023609252254590495
Prochloraz,Control,as.factor(Group),B-A,0,-108.12333333333333,-228.76355819134722,12.516891524680531,0.1953300576888567
Prochloraz,Control,as.factor(Group),C-A,0,111.4100000000002,-9.23022485801367,232.05022485801408,0.17373879472308984
Prochloraz,Control,as.factor(Group),C-B,0,219.53333333333353,98.89310847531966,340.1735581913474,4.80215902548527e-4
SDS,Dose1,as.factor(Group),B-A,0,-137.29466666666713,-281.4676677981271,6.878334464792829,0.1547537047429265
SDS,Dose1,as.factor(Group),C-A,0,106.20266666666635,-37.97033446479361,250.3756677981263,0.3546702061686572
SDS,Dose1,as.factor(Group),C-B,0,243.49733333333347,99.32433220187352,387.6703344647934,0.0014197650954951766
SDS,Dose2,as.factor(Group),B-A,0,76.35599999999965,-49.36736861094005,202.07936861093935,0.5176574708212346
SDS,Dose2,as.factor(Group),C-A,0,320.89400000000035,195.17063138906065,446.61736861094005,2.0328573198973514e-7
SDS,Dose2,as.factor(Group),C-B,0,244.5380000000007,118.81463138906099,370.2613686109404,1.5563841735512633e-4
SDS,Dose3,as.factor(Group),B-A,0,-45.8393333333338,-182.92557454007746,91.24690787340987,0.8887000861425017
SDS,Dose3,as.factor(Group),C-A,0,151.03199999999993,13.94575879325626,288.1182412067436,0.0733179755990862
SDS,Dose3,as.factor(Group),C-B,0,196.87133333333372,59.78509212659006,333.9575745400774,0.00957848465156699
SDS,Dose4,as.factor(Group),B-A,0,23.771333333333246,-96.77181072941559,144.31447739608208,0.9999999299342638
SDS,Dose4,as.factor(Group),C-A,0,-69.83400000000029,-190.37714406274912,50.70914406274855,0.5504381596407878
SDS,Dose4,as.factor(Group),C-B,0,-93.60533333333353,-214.14847739608237,26.937810729415304,0.30798711459641515
SDS,Dose5,as.factor(Group),B-A,0,17.19466666666642,-101.48977222616143,135.8791055594943,0.9999999299342638
SDS,Dose5,as.factor(Group),C-A,0,-54.18866666666702,-172.8731055594949,64.49577222616084,0.72551528639745555
SDS,Dose5,as.factor(Group),C-B,0,-71.38333333333344,-190.0677722261613,47.30110555949442,0.5225109198361149
SDS,Control,as.factor(Group),B-A,0,-16.1700000000003,-129.15884955971308,96.81884955971246,0.9999999299342638
SDS,Control,as.factor(Group),C-A,0,-97.35533333333365,-210.34418289304642,15.633516226379115,0.22103436257011402
SDS,Control,as.factor(Group),C-B,0,-81.18533333333335,-194.17418289304612,31.803516226379415,0.3733204353866668
TEG,Dose1,as.factor(Group),B-A,0,-185.06308724832093,-306.1970284943998,-63.92914600224205,0.00480308950395023
TEG,Dose1,as.factor(Group),C-A,0,-157.29842058165502,-278.43236182773387,-36.16447933557615,0.023910318869818033
TEG,Dose1,as.factor(Group),C-B,0,27.764666666665903,-93.1665398076248,148.69587314095662,0.9901443168095927
TEG,Dose2,as.factor(Group),B-A,0,-208.29399999999976,-324.16077289775484,-92.42722710224466,5.705293993674912e-4
TEG,Dose2,as.factor(Group),C-A,0,-48.21333333333314,-164.08010623108822,67.65343956442196,0.78478672238931
TEG,Dose2,as.factor(Group),C-B,0,160.08066666666662,44.21389376891152,275.9474395644217,0.014191704746955552
TEG,Dose3,as.factor(Group),B-A,0,-126.2613333333336,-239.4290731552741,-13.093593511393095,0.06952654968630952
TEG,Dose3,as.factor(Group),C-A,0,-264.78400000000045,-377.9517398219409,-151.61626017805995,2.4146882006597797e-6
TEG,Dose3,as.factor(Group),C-B,0,-138.52266666666685,-251.69040648860735,-25.35492684472635,0.03752636466672757
TEG,Dose4,as.factor(Group),B-A,0,-67.16733333333354,-184.32494802399907,49.990281357331966,0.5555862343478576
TEG,Dose4,as.factor(Group),C-A,0,60.965333333333206,-56.192281357332305,178.12294802399873,0.6341636158251205
TEG,Dose4,as.factor(Group),C-B,0,128.13266666666675,10.97505197600124,245.29028135733228,0.0764082794564726
TEG,Dose5,as.factor(Group),B-A,0,-269.1720000000006,-390.1181192634233,-148.2258807365779,8.340900529382744e-6
TEG,Dose5,as.factor(Group),C-A,0,-115.76266666666697,-236.70878593008968,5.183452596755728,0.15263844673173138
TEG,Dose5,as.factor(Group),C-B,0,153.40933333333362,32.46321406991092,274.3554525967563,0.029029177314890495
TEG,Control,as.factor(Group),B-A,0,-268.9664721485416,-394.01363073880907,-143.91931355827413,1.9277000968115025e-5
TEG,Control,as.factor(Group),C-A,0,-186.1652413793098,-306.73670574262957,-65.59377701599003,0.004302448696227069
TEG,Control,as.factor(Group),C-B,0,82.80123076923178,-41.25679573038211,206.85925726884568,0.4363236558137951
TGSH,Dose1,as.factor(Group),B-A,0,87.82450387051426,-48.666287289760106,224.31529503078863,0.468879494506644
TGSH,Dose1,as.factor(Group),C-A,0,-37.37505247376271,-176.05838443993287,101.30827949240745,0.9707992304168106
TGSH,Dose1,as.factor(Group),C-B,0,-125.19955634427697,-263.42207850778686,13.022965819232923,0.1863849425203438
TGSH,Dose2,as.factor(Group),B-A,0,62.93994871794837,-28.821619134750847,154.70151657064758,0.4139425876122803
TGSH,Dose2,as.factor(Group),C-A,0,-58.52158974358963,-150.28315759628885,33.239978109109586,0.476147522945378
TGSH,Dose2,as.factor(Group),C-B,0,-121.461538461538,-216.44378493114442,-26.47929199193159,0.027304071899085076
TGSH,Dose3,as.factor(Group),B-A,0,-83.2665765765762,-200.8053571119225,34.27220395877008,0.38715112103281396
TGSH,Dose3,as.factor(Group),C-A,0,-24.161333333333346,-141.30502441287064,92.98235774620395,0.9999999299342638
TGSH,Dose3,as.factor(Group),C-B,0,59.10524324324285,-58.43353729210342,176.64402377858914,0.6563753587031946
TGSH,Dose4,as.factor(Group),B-A,0,-288.6416689038042,-383.00605639056664,-194.27728141704176,0
TGSH,Dose4,as.factor(Group),C-A,0,-114.41800000000023,-208.62445534680862,-20.21154465319185,0.039649795946179664
TGSH,Dose4,as.factor(Group),C-B,0,174.22366890380397,79.85928141704153,268.5880563905664,4.031532692137344e-4
TGSH,Dose5,as.factor(Group),B-A,0,22.77933333333374,-78.71962894444381,124.27829561111129,0.9950029570245051
TGSH,Dose5,as.factor(Group),C-A,0,-39.28338888888845,-141.8341819775879,63.267404199811,0.8331997921027364
TGSH,Dose5,as.factor(Group),C-B,0,-62.06272222222219,-164.61351531092163,40.48807086647726,0.5201118509820338
TGSH,Control,as.factor(Group),B-A,0,-141.01127891156455,-245.3229354416959,-36.69962238143319,0.017420698631322104
TGSH,Control,as.factor(Group),C-A,0,-95.4683859649117,-202.51690965518702,11.580137725363599,0.19827550131490565
TGSH,Control,as.factor(Group),C-B,0,45.54289294665284,-62.01776307657356,153.10354896987923,0.7757090137656524
Trenbolone,Dose1,as.factor(Group),B-A,0,121.05396825396792,-0.8527245668455663,242.9606610747814,0.12949605072410056
Trenbolone,Dose1,as.factor(Group),C-A,0,213.50800000000004,97.02212161634439,329.99387838365567,4.3192786863596163e-4
Trenbolone,Dose1,as.factor(Group),C-B,0,92.45403174603211,-29.452661074781375,214.3607245668456,0.3258833237205788
Trenbolone,Dose2,as.factor(Group),B-A,0,-217.84666666666737,-328.13260883287955,-107.5607245004552,1.1421986249792564e-4
Trenbolone,Dose2,as.factor(Group),C-A,0,-143.619333333334,-253.90527549954618,-33.33339116712182,0.023609252254590495
Trenbolone,Dose2,as.factor(Group),C-B,0,74.22733333333338,-36.058608832878804,184.51327549954556,0.4307639724093538
Trenbolone,Dose3,as.factor(Group),B-A,0,74.49436363636323,-44.043659877834415,193.03238715056088,0.4904556463603633
Trenbolone,Dose3,as.factor(Group),C-A,0,15.689030303030222,-102.84899321116742,134.22705381722787,0.9999999299342638
Trenbolone,Dose3,as.factor(Group),C-B,0,-58.80533333333301,-175.91881383466205,58.30814716799604,0.6563753587031946
Trenbolone,Dose4,as.factor(Group),B-A,0,301.22600000000057,198.23251102075415,404.219488979247,1.68165738477301e-9
Trenbolone,Dose4,as.factor(Group),C-A,0,39.037999999999784,-63.955488979246624,142.0314889792462,0.8368495060168678
Trenbolone,Dose4,as.factor(Group),C-B,0,-262.1880000000008,-365.1814889792472,-159.19451102075436,2.1545692392710425e-7
Trenbolone,Dose5,as.factor(Group),B-A,0,30.422000000000025,-65.9219171746656,126.76591717466565,0.9092210574833318
Trenbolone,Dose5,as.factor(Group),C-A,0,93.62666666666678,-2.717250507998841,189.9705838413324,0.1423661284275871
Trenbolone,Dose5,as.factor(Group),C-B,0,63.20466666666675,-33.13925050799887,159.54858384133237,0.4493358452122957
Trenbolone,Control,as.factor(Group),B-A,0,314.6593333333333,195.71909075467278,433.5995759119938,6.806465998513508e-8
Trenbolone,Control,as.factor(Group),C-A,0,110.4546666666663,-8.485575911994204,229.3949092453268,0.1705364512854918
Trenbolone,Control,as.factor(Group),C-B,0,-204.20466666666698,-323.1449092453275,-85.26442408800648,0.0011380737330222157
Vinclozolin,Dose1,as.factor(Group),B-A,0,250.25411544779922,105.99615967470424,394.5120712208942,0.001014863041084373
Vinclozolin,Dose1,as.factor(Group),C-A,0,168.3725855696598,26.00111546454562,310.744055674774,0.048394318562949214
Vinclozolin,Dose1,as.factor(Group),C-B,0,-81.88152987813942,-220.91685764012928,57.153797883850444,0.5383301260259353
Vinclozolin,Dose2,as.factor(Group),B-A,0,54.55399999999963,-53.98397651028593,163.09197651028518,0.6563753587031946
Vinclozolin,Dose2,as.factor(Group),C-A,0,-10.230000000000473,-118.76797651028603,98.30797651028509,0.9999999299342638
Vinclozolin,Dose2,as.factor(Group),C-B,0,-64.7840000000001,-173.32197651028565,43.753976510285455,0.5296200965870366
Vinclozolin,Dose3,as.factor(Group),B-A,0,-5.354000000000042,-116.71441890508345,106.00641890508336,0.9999999299342638
Vinclozolin,Dose3,as.factor(Group),C-A,0,-142.7497414965983,-254.6768837508002,-30.822599242396407,0.027763875896423856
Vinclozolin,Dose3,as.factor(Group),C-B,0,-137.39574149659825,-249.32288375080014,-25.468599242396365,0.03690921780837715
Vinclozolin,Dose4,as.factor(Group),B-A,0,26.195333333333338,-87.59643602200568,139.98710268867234,0.9901443168095927
Vinclozolin,Dose4,as.factor(Group),C-A,0,-330.0266666666671,-443.8184360220061,-216.2348973113281,2.3554062450470425e-9
Vinclozolin,Dose4,as.factor(Group),C-B,0,-356.22200000000043,-470.01376935533943,-242.43023064466144,0
Vinclozolin,Dose5,as.factor(Group),B-A,0,-80.91200000000072,-185.53401519972783,23.710015199726385,0.3111702363743759
Vinclozolin,Dose5,as.factor(Group),C-A,0,-242.01733333333436,-346.6393485330615,-137.39531813360725,3.2003090105887954e-6
Vinclozolin,Dose5,as.factor(Group),C-B,0,-161.10533333333365,-265.72734853306076,-56.483318133606545,0.004359353477327801
Vinclozolin,Control,as.factor(Group),B-A,0,-186.25909909909933,-287.28537372359324,-85.23282447460542,4.031532692137344e-4
Vinclozolin,Control,as.factor(Group),C-A,0,-179.90376576576614,-280.93004039026005,-78.87749114127223,6.648842228995925e-4
Vinclozolin,Control,as.factor(Group),C-B,0,6.355333333333192,-94.33135621394615,107.04202288061254,0.9999999299342638
