plate_id,Cycle,model,term,df,sumsq,meansq,statistic,p.value,adj_p.value,is.significant
17betaestradiol,Dark,,Dose_mg_L,5,6115012.452093645,1223002.490418729,11.679791689303343,6.53614961045942e-11,1.960844883137826e-10,TRUE
17betaestradiol,Dark,,time_end,1,989100.6298381712,989100.6298381712,9.446006371019946,0.0021883594929761768,0.0032825392394642654,TRUE
17betaestradiol,Dark,,Dose_mg_L:time_end,5,701701.3148508302,140340.26297016605,1.3402630411262566,0.2450756801131577,0.2450756801131577,FALSE
17betaestradiol,Dark,,Residuals,795,83245232.94138329,104710.98483192867,NA,NA,NA,NA
17betaestradiol,Light,,Dose_mg_L,5,4237210.330321423,847442.0660642845,4.588938721399061,3.914817309648479e-4,5.872225964472719e-4,TRUE
17betaestradiol,Light,,time_end,1,1151661.0028214012,1151661.0028214012,6.236298599521615,0.012716466885361702,0.012716466885361702,TRUE
17betaestradiol,Light,,Dose_mg_L:time_end,5,4810310.241239723,962062.0482479446,5.209611326113457,1.029555639042541e-4,3.088666917127623e-4,TRUE
17betaestradiol,Light,,Residuals,797,147182468.0298449,184670.59978650554,NA,NA,NA,NA
1decanol,Dark,,Dose_mg_L,5,4555166.984885859,911033.3969771719,10.481839565638346,9.269738853567893e-10,2.7809216560703676e-9,TRUE
1decanol,Dark,,time_end,1,630581.4965134806,630581.4965134806,7.255117212437448,0.007218539542531686,0.007218539542531686,TRUE
1decanol,Dark,,Dose_mg_L:time_end,5,2189693.777656345,437938.755531269,5.038677824858157,1.4894398969372187e-4,2.2341598454058282e-4,TRUE
1decanol,Dark,,Residuals,797,69271582.80222988,86915.41129514415,NA,NA,NA,NA
1decanol,Light,,Dose_mg_L,5,6907511.763913524,1381502.3527827049,9.517074979203835,7.864553942216878e-9,2.3593661826650635e-8,TRUE
1decanol,Light,,time_end,1,3199739.0797283044,3199739.0797283044,22.04278311529792,3.1380411744029415e-6,4.707061761604412e-6,TRUE
1decanol,Light,,Dose_mg_L:time_end,5,769784.3394031692,153956.86788063386,1.0605983060629895,0.3809059042233299,0.3809059042233299,FALSE
1decanol,Light,,Residuals,798,115837994.33435003,145160.39390269428,NA,NA,NA,NA
1octanol,Dark,,Dose_mg_L,5,9537278.771555541,1907455.7543111083,33.22858767691687,7.3942639570998305e-31,2.218279187129949e-30,TRUE
1octanol,Dark,,time_end,1,814908.6258151556,814908.6258151556,14.196010922074706,1.7684227810928275e-4,2.6526341716392413e-4,TRUE
1octanol,Dark,,Dose_mg_L:time_end,5,335805.1560251983,67161.03120503966,1.1699701074716635,0.32215552367441364,0.32215552367441364,FALSE
1octanol,Dark,,Residuals,798,45808437.80482631,57404.05739953172,NA,NA,NA,NA
1octanol,Light,,Dose_mg_L,5,3213372.498629621,642674.4997259242,5.1640192559719535,1.1360077522718336e-4,1.7040116284077503e-4,TRUE
1octanol,Light,,time_end,1,4368698.032297899,4368698.032297899,35.10337001380033,4.647341533106244e-9,1.3942024599318732e-8,TRUE
1octanol,Light,,Dose_mg_L:time_end,5,2704962.9362210035,540992.5872442008,4.346984576264568,6.559381390267823e-4,6.559381390267823e-4,TRUE
1octanol,Light,,Residuals,798,99313001.24185146,124452.3825085858,NA,NA,NA,NA
24DMP,Dark,,Dose_mg_L,5,321481.52983194246,64296.30596638849,0.8116799034810251,0.5414230784909422,0.5414230784909422,FALSE
24DMP,Dark,,time_end,1,71997.26075605104,71997.26075605104,0.9088971564232494,0.34069624991787395,0.5414230784909422,FALSE
24DMP,Dark,,Dose_mg_L:time_end,5,405406.0107372961,81081.20214745922,1.0235733040025508,0.40247327638201935,0.5414230784909422,FALSE
24DMP,Dark,,Residuals,797,63133454.00747571,79213.86952004481,NA,NA,NA,NA
24DMP,Light,,Dose_mg_L,5,3218523.1399989,643704.62799978,4.690270173116631,3.151111428893246e-4,9.453334286679738e-4,TRUE
24DMP,Light,,time_end,1,69357.93190607206,69357.93190607206,0.5053675632237574,0.4773590895095897,0.4773590895095897,FALSE
24DMP,Light,,Dose_mg_L:time_end,5,1486543.4463622933,297308.68927245867,2.1663011524961258,0.05594701023227013,0.0839205153484052,FALSE
24DMP,Light,,Residuals,797,109382310.52368575,137242.54770851412,NA,NA,NA,NA
24DNP,Dark,,Dose_mg_L,5,7136793.385098728,1427358.6770197456,20.79702435932383,1.4439717011754984e-19,4.3319151035264955e-19,TRUE
24DNP,Dark,,time_end,1,105916.38009512985,105916.38009512985,1.5432319656955749,0.21450231629779978,0.32175347444669966,FALSE
24DNP,Dark,,Dose_mg_L:time_end,5,288338.07187793305,57667.61437558661,0.8402336428971573,0.5212732066632684,0.5212732066632684,FALSE
24DNP,Dark,,Residuals,798,54768999.86180475,68632.8319070235,NA,NA,NA,NA
24DNP,Light,,Dose_mg_L,5,6985827.980204461,1397165.5960408922,12.675482759494393,7.2269478811951995e-12,2.16808436435856e-11,TRUE
24DNP,Light,,time_end,1,746126.0828956368,746126.0828956368,6.769067551442862,0.009447685469415613,0.014171528204123419,TRUE
24DNP,Light,,Dose_mg_L:time_end,5,458343.7983135437,91668.75966270875,0.8316450004075909,0.527293783820856,0.527293783820856,FALSE
24DNP,Light,,Residuals,795,87629534.11147359,110225.82907103596,NA,NA,NA,NA
34DCA,Dark,,Dose_mg_L,5,6490766.288878538,1298153.2577757076,22.073812439409622,9.38841566512948e-21,2.816524699538844e-20,TRUE
34DCA,Dark,,time_end,1,201459.07888242253,201459.07888242253,3.425612418896045,0.0645622544218139,0.09684338163272085,FALSE
34DCA,Dark,,Dose_mg_L:time_end,5,370063.72248261824,74012.74449652365,1.258513530938182,0.2799520656219373,0.2799520656219373,FALSE
34DCA,Dark,,Residuals,797,46871293.723600686,58809.653354580536,NA,NA,NA,NA
34DCA,Light,,Dose_mg_L,5,2106078.804423061,421215.7608846122,4.068744257277492,0.0011834219040190678,0.0035502657120572035,TRUE
34DCA,Light,,time_end,1,171215.64408446275,171215.64408446275,1.6538618288206939,0.19880761521335447,0.2982114228200317,FALSE
34DCA,Light,,Dose_mg_L:time_end,5,500024.5470075278,100004.90940150556,0.9659999425766886,0.437675084823164,0.437675084823164,FALSE
34DCA,Light,,Residuals,797,82509231.39850229,103524.75708720488,NA,NA,NA,NA
4C3MP,Dark,,Dose_mg_L,5,3625980.9895816008,725196.1979163202,8.268162208363469,1.2518512637936597e-7,3.755553791380979e-7,TRUE
4C3MP,Dark,,time_end,1,654666.5512018783,654666.5512018783,7.4640342203664005,0.006433654319371091,0.006433654319371091,TRUE
4C3MP,Dark,,Dose_mg_L:time_end,5,1683330.0279790834,336666.00559581665,3.8384221432848906,0.0019219116624630487,0.002882867493694573,TRUE
4C3MP,Dark,,Residuals,797,69904454.60233755,87709.478798416,NA,NA,NA,NA
4C3MP,Light,,Dose_mg_L,5,2562511.4935926027,512502.29871852056,3.204007265482389,0.007161973615836833,0.010742960423755249,TRUE
4C3MP,Light,,time_end,1,2977846.7579287374,2977846.7579287374,18.61658508021061,1.7988250448371583e-5,5.3964751345114746e-5,TRUE
4C3MP,Light,,Dose_mg_L:time_end,5,860545.9084702743,172109.18169405486,1.0759738443765396,0.3721991342438664,0.3721991342438664,FALSE
4C3MP,Light,,Residuals,798,127645414.16100837,159956.65934963454,NA,NA,NA,NA
4TOP,Dark,,Dose_mg_L,5,2039447.473728388,407889.4947456776,6.318743575203015,9.188632158839025e-6,2.7565896476517076e-5,TRUE
4TOP,Dark,,time_end,1,189143.72726373904,189143.72726373904,2.9300845617092652,0.08733148751649397,0.13099723127474094,FALSE
4TOP,Dark,,Dose_mg_L:time_end,5,314987.3063641181,62997.461272823624,0.9759133510411971,0.4314701167158833,0.4314701167158833,FALSE
4TOP,Dark,,Residuals,798,51512743.46444623,64552.31010582235,NA,NA,NA,NA
4TOP,Light,,Dose_mg_L,5,7697868.225246934,1539573.645049387,11.844819064053269,4.520846420630183e-11,1.3562539261890548e-10,TRUE
4TOP,Light,,time_end,1,1471063.2981015674,1471063.2981015674,11.317729849307451,8.043396141016365e-4,0.0012065094211524546,TRUE
4TOP,Light,,Dose_mg_L:time_end,5,1643194.910458291,328638.98209165817,2.5284073241884206,0.02779843138993532,0.02779843138993532,TRUE
4TOP,Light,,Residuals,798,103722966.31173645,129978.65452598552,NA,NA,NA,NA
4TPP,Dark,,Dose_mg_L,5,4167595.4307306693,833519.0861461338,9.383984154884557,1.0623742161127891e-8,3.187122648338367e-8,TRUE
4TPP,Dark,,time_end,1,1335495.4424485343,1335495.4424485343,15.035370250250528,1.1428775562398078e-4,1.7143163343597118e-4,TRUE
4TPP,Dark,,Dose_mg_L:time_end,5,393353.99232034065,78670.79846406812,0.8856972065898217,0.4900488780986032,0.4900488780986032,FALSE
4TPP,Dark,,Residuals,790,70170629.78657027,88823.5820083168,NA,NA,NA,NA
4TPP,Light,,Dose_mg_L,5,11375314.816992879,2275062.963398576,14.901654141910393,5.355057847722094e-14,1.6065173543166282e-13,TRUE
4TPP,Light,,time_end,1,846427.0499136003,846427.0499136003,5.544094100731161,0.01878542932309094,0.02817814398463641,TRUE
4TPP,Light,,Dose_mg_L:time_end,5,1197535.1829880592,239507.03659761185,1.5687702192645703,0.16643220948614496,0.16643220948614496,FALSE
4TPP,Light,,Residuals,795,121374113.14728013,152671.84043683036,NA,NA,NA,NA
Aniline,Dark,,Dose_mg_L,5,13446050.770172829,2689210.1540345657,40.64742204747644,2.706161879346306e-37,8.118485638038918e-37,TRUE
Aniline,Dark,,time_end,1,488235.26116668124,488235.26116668124,7.379677891416623,0.006739308947858172,0.010108963421787256,TRUE
Aniline,Dark,,Dose_mg_L:time_end,5,832157.9235098127,166431.58470196254,2.5156140568864003,0.028504767791276194,0.028504767791276194,TRUE
Aniline,Dark,,Residuals,798,52795222.79206426,66159.42705772464,NA,NA,NA,NA
Aniline,Light,,Dose_mg_L,5,6421428.127024668,1284285.6254049337,11.205481477395423,1.8626794853073208e-10,5.588038455921962e-10,TRUE
Aniline,Light,,time_end,1,183239.6778022223,183239.6778022223,1.5987789436553943,0.2064455070240062,0.2064455070240062,FALSE
Aniline,Light,,Dose_mg_L:time_end,5,1162428.9413412998,232485.78826825996,2.0284546853635237,0.0725255200805231,0.10878828012078465,FALSE
Aniline,Light,,Residuals,798,91460588.38618982,114612.26614810755,NA,NA,NA,NA
BPA,Dark,,Dose_mg_L,5,2183346.2809368293,436669.25618736586,8.943586420086591,2.8054512440776658e-8,8.416353732232997e-8,TRUE
BPA,Dark,,time_end,1,361786.1167989292,361786.1167989292,7.409876824006145,0.006628328404292117,0.009942492606438176,TRUE
BPA,Dark,,Dose_mg_L:time_end,5,89507.76782756046,17901.55356551209,0.36664841661824993,0.8715276910239893,0.8715276910239893,FALSE
BPA,Dark,,Residuals,797,38913404.626995385,48824.84896737187,NA,NA,NA,NA
BPA,Light,,Dose_mg_L,5,6604876.64545677,1320975.329091354,12.290047106878115,1.690031480179826e-11,5.070094440539478e-11,TRUE
BPA,Light,,time_end,1,332345.815971973,332345.815971973,3.092068143981908,0.07905852696214606,0.1185877904432191,FALSE
BPA,Light,,Dose_mg_L:time_end,5,478050.40080179734,95610.08016035947,0.8895339399498717,0.48745902685293663,0.48745902685293663,FALSE
BPA,Light,,Residuals,797,85664223.10103276,107483.34140656558,NA,NA,NA,NA
BPAF,Dark,,Dose_mg_L,5,2411211.0452469136,482242.2090493827,4.58066078630413,3.9841552837501925e-4,0.0011952465851250578,TRUE
BPAF,Dark,,time_end,1,37082.54778873384,37082.54778873384,0.3522349751319834,0.5530188603423024,0.5530188603423024,FALSE
BPAF,Dark,,Dose_mg_L:time_end,5,725502.8821001136,145100.5764200227,1.378262848014744,0.23013415694485884,0.34520123541728825,FALSE
BPAF,Dark,,Residuals,798,84011739.95944455,105277.8696233641,NA,NA,NA,NA
BPAF,Light,,Dose_mg_L,5,2502348.470263327,500469.6940526654,3.2305506048735206,0.006783602515873293,0.007741318447937576,TRUE
BPAF,Light,,time_end,1,2042108.2813774687,2042108.2813774687,13.181885380909755,3.0072480203644045e-4,9.021744061093214e-4,TRUE
BPAF,Light,,Dose_mg_L:time_end,5,2452338.2803449505,490467.6560689901,3.1659870753689154,0.007741318447937576,0.007741318447937576,TRUE
BPAF,Light,,Residuals,797,123469462.31340359,154917.76952748254,NA,NA,NA,NA
ClofibricAcid,Dark,,Dose_mg_L,5,3108398.22559258,621679.645118516,7.926965903258106,2.661150452404616e-7,7.983451357213849e-7,TRUE
ClofibricAcid,Dark,,time_end,1,88070.87584484303,88070.87584484303,1.122981643960785,0.2895979726456105,0.2895979726456105,FALSE
ClofibricAcid,Dark,,Dose_mg_L:time_end,5,528269.5767451851,105653.91534903701,1.3471809654599065,0.24229273401337728,0.2895979726456105,FALSE
ClofibricAcid,Dark,,Residuals,798,62583889.32903962,78425.92647749325,NA,NA,NA,NA
ClofibricAcid,Light,,Dose_mg_L,5,10662521.052148152,2132504.2104296302,14.974613109627114,4.537627535792863e-14,1.3612882607378588e-13,TRUE
ClofibricAcid,Light,,time_end,1,1215047.9924408374,1215047.9924408374,8.53216303510369,0.0035876398745073946,0.005381459811761092,TRUE
ClofibricAcid,Light,,Dose_mg_L:time_end,5,874033.8516131636,174806.7703226327,1.227506957183216,0.29419530390609766,0.29419530390609766,FALSE
ClofibricAcid,Light,,Residuals,798,113641557.71268672,142407.96705850467,NA,NA,NA,NA
DES,Dark,,Dose_mg_L,5,4818003.716148134,963600.7432296269,10.2419908868091,1.5762656729232064e-9,4.728797018769619e-9,TRUE
DES,Dark,,time_end,1,913679.7059359488,913679.7059359488,9.71138647142825,0.0018968903065520576,0.0028453354598280862,TRUE
DES,Dark,,Dose_mg_L:time_end,5,696176.9734534596,139235.3946906919,1.4799154666109533,0.19392429567702346,0.19392429567702346,FALSE
DES,Dark,,Residuals,798,75078507.84046248,94083.34315847428,NA,NA,NA,NA
DES,Light,,Dose_mg_L,5,2149749.0721481205,429949.8144296241,2.6499555512177837,0.021875085946233316,0.025940483275781426,TRUE
DES,Light,,time_end,1,1970085.5865589571,1970085.5865589571,12.142438631824522,5.19747957880919e-4,0.001559243873642757,TRUE
DES,Light,,Dose_mg_L:time_end,5,2079702.2811724383,415940.45623448765,2.5636101795667936,0.025940483275781426,0.025940483275781426,TRUE
DES,Light,,Residuals,798,129473851.64900932,162247.93439725478,NA,NA,NA,NA
Dimethylformamide,Dark,,Dose_mg_L,5,2465226.954253815,493045.390850763,7.258213997159799,1.17031247552001e-6,3.51093742656003e-6,TRUE
Dimethylformamide,Dark,,time_end,1,584508.1342432816,584508.1342432816,8.60465425728415,0.003450433932752791,0.005175650899129186,TRUE
Dimethylformamide,Dark,,Dose_mg_L:time_end,5,166367.039158063,33273.4078316126,0.48982409923738024,0.7840095678892653,0.7840095678892653,FALSE
Dimethylformamide,Dark,,Residuals,787,53460358.53329602,67929.2992799187,NA,NA,NA,NA
Dimethylformamide,Light,,Dose_mg_L,5,2143258.5062954407,428651.7012590881,3.6327824083623077,0.002956130912812038,0.004434196369218057,TRUE
Dimethylformamide,Light,,time_end,1,1542706.56573611,1542706.56573611,13.07429145110001,3.183720409834077e-4,9.55116122950223e-4,TRUE
Dimethylformamide,Light,,Dose_mg_L:time_end,5,1818862.6570895296,363772.53141790594,3.082937613215353,0.009172929676605336,0.009172929676605336,TRUE
Dimethylformamide,Light,,Residuals,790,93216385.1088839,117995.42418846063,NA,NA,NA,NA
DMSO,Dark,,Dose_mg_L,5,10455175.038024679,2091035.0076049357,18.60925322098901,1.6251801149471497e-17,4.8755403448414486e-17,TRUE
DMSO,Dark,,time_end,1,1529614.6002158632,1529614.6002158632,13.612868901005426,2.3988668446034444e-4,3.5983002669051666e-4,TRUE
DMSO,Dark,,Dose_mg_L:time_end,5,639895.9469717713,127979.18939435427,1.1389561311956815,0.33806399088571665,0.33806399088571665,FALSE
DMSO,Dark,,Residuals,798,89667538.84496051,112365.33689844675,NA,NA,NA,NA
DMSO,Light,,Dose_mg_L,5,2711796.5393703743,542359.3078740749,5.365954804837708,7.336836295558652e-5,1.1005254443337978e-4,TRUE
DMSO,Light,,time_end,1,1607536.2511506837,1607536.2511506837,15.904524446394467,7.273798973782138e-5,1.1005254443337978e-4,TRUE
DMSO,Light,,Dose_mg_L:time_end,5,2023908.5485450646,404781.70970901294,4.004799638522669,0.0013542637660316173,0.0013542637660316173,TRUE
DMSO,Light,,Residuals,798,80657169.7721561,101074.14758415552,NA,NA,NA,NA
EE2,Dark,,Dose_mg_L,5,7817046.301333779,1563409.2602667557,22.7426474243608,2.261376060314222e-21,6.784128180942667e-21,TRUE
EE2,Dark,,time_end,1,1570539.2383246212,1570539.2383246212,22.846365997120053,2.089943183572036e-6,3.1349147753580537e-6,TRUE
EE2,Dark,,Dose_mg_L:time_end,5,499795.2300817391,99959.04601634781,1.4540871659141696,0.202628766388828,0.202628766388828,FALSE
EE2,Dark,,Residuals,796,54719828.69678219,68743.50338791731,NA,NA,NA,NA
EE2,Light,,Dose_mg_L,5,3262086.1895730617,652417.2379146123,4.527884251297941,4.4606889531378187e-4,0.0013382066859413456,TRUE
EE2,Light,,time_end,1,113404.25010516818,113404.25010516818,0.7870443762686844,0.37526296561967565,0.5628944484295135,FALSE
EE2,Light,,Dose_mg_L:time_end,5,403269.3422054979,80653.86844109958,0.5597512749479294,0.7309237509345767,0.7309237509345767,FALSE
EE2,Light,,Residuals,797,114838743.60721391,144088.762367897,NA,NA,NA,NA
Fadrozole,Dark,,Dose_mg_L,5,28188702.528050773,5637740.505610155,35.0318528856942,1.9398472971838033e-32,5.819541891551411e-32,TRUE
Fadrozole,Dark,,time_end,1,3484.7595331790812,3484.7595331790812,0.021653636450076,0.8830494618541879,0.9119886526443285,FALSE
Fadrozole,Dark,,Dose_mg_L:time_end,5,242675.38904186714,48535.077808373426,0.301587791046201,0.9119886526443285,0.9119886526443285,FALSE
Fadrozole,Dark,,Residuals,797,128262675.61788586,160931.83891830096,NA,NA,NA,NA
Fadrozole,Light,,Dose_mg_L,5,40655526.921395116,8131105.384279023,31.982217309155928,9.379745381807593e-30,2.813923614542278e-29,TRUE
Fadrozole,Light,,time_end,1,1790.2993426844143,1790.2993426844143,0.007041815339999919,0.9331446419077669,0.9331446419077669,FALSE
Fadrozole,Light,,Dose_mg_L:time_end,5,2113211.288952778,422642.2577905556,1.662386095600751,0.1412397002908019,0.21185955043620286,FALSE
Fadrozole,Light,,Residuals,798,202882183.9940749,254238.32580711143,NA,NA,NA,NA
Fenitrothion,Dark,,Dose_mg_L,5,8560456.887654284,1712091.3775308568,31.149151205064094,5.166450249803064e-29,1.5499350749409194e-28,TRUE
Fenitrothion,Dark,,time_end,1,257532.33871431346,257532.33871431346,4.6854472045615765,0.030715011079157327,0.04607251661873599,TRUE
Fenitrothion,Dark,,Dose_mg_L:time_end,5,360313.06335149874,72062.61267029974,1.3110802657836984,0.2570848003688855,0.2570848003688855,FALSE
Fenitrothion,Dark,,Residuals,798,43861513.601934195,54964.30275931604,NA,NA,NA,NA
Fenitrothion,Light,,Dose_mg_L,5,7110802.640452644,1422160.5280905287,13.694453050457389,7.638511335842644e-13,2.291553400752793e-12,TRUE
Fenitrothion,Light,,time_end,1,104452.75993636851,104452.75993636851,1.0058100957561102,0.31621424241488905,0.31621424241488905,FALSE
Fenitrothion,Light,,Dose_mg_L:time_end,5,2316957.552859575,463391.510571915,4.4621497785682225,5.135006396939584e-4,7.702509595409375e-4,TRUE
Fenitrothion,Light,,Residuals,794,82456411.74155292,103849.38506492811,NA,NA,NA,NA
Fluoxetine,Dark,,Dose_mg_L,5,3861976.0246922136,772395.2049384427,8.701508399704652,4.7962525215415277e-8,1.4388757564624584e-7,TRUE
Fluoxetine,Dark,,time_end,1,333048.12160584325,333048.12160584325,3.7519925151400493,0.05309768287630965,0.05309768287630965,FALSE
Fluoxetine,Dark,,Dose_mg_L:time_end,5,1009281.9937199578,201856.39874399157,2.274036837586217,0.04554989030223141,0.05309768287630965,FALSE
Fluoxetine,Dark,,Residuals,797,70746237.32556917,88765.66791163007,NA,NA,NA,NA
Fluoxetine,Light,,Dose_mg_L,5,3524858.6894444306,704971.7378888861,5.690110254283182,3.627636368885232e-5,1.0882909106655695e-4,TRUE
Fluoxetine,Light,,time_end,1,169550.0093852678,169550.0093852678,1.3685062750259955,0.2424179624071501,0.2424179624071501,FALSE
Fluoxetine,Light,,Dose_mg_L:time_end,5,1031866.8835240664,206373.37670481327,1.6657224735216105,0.14040861363724966,0.21061292045587449,FALSE
Fluoxetine,Light,,Residuals,798,98867582.82264625,123894.21406346647,NA,NA,NA,NA
Flutamide,Dark,,Dose_mg_L,5,13873672.20751852,2774734.441503704,26.912354510985093,3.358428869535292e-25,1.0075286608605876e-24,TRUE
Flutamide,Dark,,time_end,1,521137.0254025758,521137.0254025758,5.05454654205893,0.02483361059288614,0.03725041588932921,TRUE
Flutamide,Dark,,Dose_mg_L:time_end,5,284678.8484388725,56935.7696877745,0.552224240011525,0.736692616431982,0.736692616431982,FALSE
Flutamide,Dark,,Residuals,798,82275896.12852891,103102.62672747983,NA,NA,NA,NA
Flutamide,Light,,Dose_mg_L,5,10324204.549036305,2064840.909807261,13.833357064304318,5.62453865850395e-13,1.687361597551185e-12,TRUE
Flutamide,Light,,time_end,1,1646981.8309617694,1646981.8309617694,11.033919193436805,9.354984611726196e-4,0.0014032476917589295,TRUE
Flutamide,Light,,Dose_mg_L:time_end,5,2699183.4868965945,539836.6973793189,3.6166242909048028,0.003056182710977956,0.003056182710977956,TRUE
Flutamide,Light,,Residuals,794,118516689.38825409,149265.35187437542,NA,NA,NA,NA
Glyphosate,Dark,,Dose_mg_L,5,4299610.224851848,859922.0449703695,12.080674497675583,2.68241706759822e-11,8.04725120279466e-11,TRUE
Glyphosate,Dark,,time_end,1,471265.80870836106,471265.80870836106,6.620610403220595,0.010260097234693276,0.015390145852039915,TRUE
Glyphosate,Dark,,Dose_mg_L:time_end,5,186369.30358933206,37273.86071786641,0.5236444178143569,0.758499993277552,0.758499993277552,FALSE
Glyphosate,Dark,,Residuals,798,56802936.95673935,71181.625259071865,NA,NA,NA,NA
Glyphosate,Light,,Dose_mg_L,5,8554601.401893323,1710920.2803786646,12.677918747922721,7.178821648543546e-12,2.153646494563064e-11,TRUE
Glyphosate,Light,,time_end,1,2848115.2084414484,2848115.2084414484,21.104532812804187,5.054414932363464e-6,7.581622398545196e-6,TRUE
Glyphosate,Light,,Dose_mg_L:time_end,5,1220549.1107805667,244109.82215611334,1.8088537066029293,0.10865832063211904,0.10865832063211904,FALSE
Glyphosate,Light,,Residuals,796,107422406.64735,134952.7721700377,NA,NA,NA,NA
Malathion,Dark,,Dose_mg_L,5,4162797.1141159264,832559.4228231853,11.738337463329513,5.748125686953563e-11,1.724437706086069e-10,TRUE
Malathion,Dark,,time_end,1,1210.7245578585396,1210.7245578585396,0.01707012502133701,0.8960831547662222,0.8960831547662222,FALSE
Malathion,Dark,,Dose_mg_L:time_end,5,817203.4411665689,163440.6882333138,2.304366392510234,0.04297487305790633,0.0644623095868595,FALSE
Malathion,Dark,,Residuals,794,56315656.60697111,70926.5196561349,NA,NA,NA,NA
Malathion,Light,,Dose_mg_L,5,7271184.424802483,1454236.8849604966,14.340245325247094,1.8305507051402328e-13,5.491652115420699e-13,TRUE
Malathion,Light,,time_end,1,459742.6875404217,459742.6875404217,4.533527511232916,0.033542604419477366,0.050313906629216046,FALSE
Malathion,Light,,Dose_mg_L:time_end,5,702579.5543926697,140515.91087853393,1.3856288854573173,0.22732941912757967,0.22732941912757967,FALSE
Malathion,Light,,Residuals,798,80924768.57110393,101409.48442494227,NA,NA,NA,NA
Prochloraz,Dark,,Dose_mg_L,5,13936334.779172778,2787266.9558345554,34.86589909476252,2.686662269968896e-32,8.059986809906688e-32,TRUE
Prochloraz,Dark,,time_end,1,445338.99555571174,445338.99555571174,5.570741779686921,0.01850274368883093,0.027754115533246394,TRUE
Prochloraz,Dark,,Dose_mg_L:time_end,5,294101.303150901,58820.2606301802,0.735782149451646,0.5967384700369932,0.5967384700369932,FALSE
Prochloraz,Dark,,Residuals,798,63794110.821886,79942.49476426818,NA,NA,NA,NA
Prochloraz,Light,,Dose_mg_L,5,5049377.308098773,1009875.4616197546,7.779331396988188,3.6878815353548653e-7,1.1063644606064596e-6,TRUE
Prochloraz,Light,,time_end,1,698287.5350638408,698287.5350638408,5.379089157127179,0.020631147304308185,0.020631147304308185,TRUE
Prochloraz,Light,,Dose_mg_L:time_end,5,1776474.5338285067,355294.90676570137,2.7369283921002094,0.018404224364306023,0.020631147304308185,TRUE
Prochloraz,Light,,Residuals,798,103592529.64651504,129815.20005828953,NA,NA,NA,NA
SDS,Dark,,Dose_mg_L,5,3734043.1418765634,746808.6283753127,8.890362054669797,3.154592891207573e-8,9.463778673622719e-8,TRUE
SDS,Dark,,time_end,1,672866.5412620734,672866.5412620734,8.010120583779527,0.004768528263670345,0.007152792395505518,TRUE
SDS,Dark,,Dose_mg_L:time_end,5,706959.7101639811,141391.9420327962,1.6831963484662875,0.13612725689718022,0.13612725689718022,FALSE
SDS,Dark,,Residuals,798,67033635.05094442,84002.04893602057,NA,NA,NA,NA
SDS,Light,,Dose_mg_L,5,6357091.272703721,1271418.2545407442,9.692083656569011,5.3353256685447515e-9,1.6005977005634255e-8,TRUE
SDS,Light,,time_end,1,898715.2244316555,898715.2244316555,6.850950194804413,0.00902719113270147,0.00902719113270147,TRUE
SDS,Light,,Dose_mg_L:time_end,5,2848038.3174875956,569607.6634975191,4.342147130831405,6.627245002458432e-4,9.940867503687649e-4,TRUE
SDS,Light,,Residuals,798,104682522.67259924,131181.10610601408,NA,NA,NA,NA
TEG,Dark,,Dose_mg_L,5,4095821.259851848,819164.2519703696,9.84588146592853,3.793702064455614e-9,1.1381106193366842e-8,TRUE
TEG,Dark,,time_end,1,249315.40834969305,249315.40834969305,2.9966272970728185,0.08382457078672104,0.08382457078672104,FALSE
TEG,Dark,,Dose_mg_L:time_end,5,1711779.4156859026,342355.8831371805,4.114920098654264,0.0010732403994220625,0.0016098605991330937,TRUE
TEG,Dark,,Residuals,798,66392539.39166812,83198.67091687734,NA,NA,NA,NA
TEG,Light,,Dose_mg_L,5,440035.79046534485,88007.15809306897,0.6918292668558246,0.6297292500347053,0.6297292500347053,FALSE
TEG,Light,,time_end,1,91777.6326028831,91777.6326028831,0.7214691810667201,0.3959174748358636,0.5938762122537954,FALSE
TEG,Light,,Dose_mg_L:time_end,5,2500548.2936777445,500109.6587355489,3.9313904237725863,0.0015809005073460032,0.004742701522038009,TRUE
TEG,Light,,Residuals,797,101385859.72078183,127209.35975003993,NA,NA,NA,NA
TGSH,Dark,,Dose_mg_L,5,4901577.077246897,980315.4154493794,16.850188026628533,7.465524189850385e-16,2.2396572569551155e-15,TRUE
TGSH,Dark,,time_end,1,1101847.6324659851,1101847.6324659851,18.93914906483081,1.5248607223931819e-5,2.2872910835897727e-5,TRUE
TGSH,Dark,,Dose_mg_L:time_end,5,617292.2787227477,123458.45574454954,2.1220702643130864,0.06083169988884956,0.06083169988884956,FALSE
TGSH,Dark,,Residuals,798,46426289.14836682,58178.307203467186,NA,NA,NA,NA
TGSH,Light,,Dose_mg_L,5,458264.8175265146,91652.96350530292,0.7257366326588297,0.6042272884875715,0.6042272884875715,FALSE
TGSH,Light,,time_end,1,2319860.1506076073,2319860.1506076073,18.36937322647466,2.0436834383176293e-5,6.131050314952887e-5,TRUE
TGSH,Light,,Dose_mg_L:time_end,5,830613.6690041583,166122.73380083166,1.3154114043428524,0.2552807754163217,0.38292116312448254,FALSE
TGSH,Light,,Residuals,792,100021335.32967767,126289.56481019908,NA,NA,NA,NA
Trenbolone,Dark,,Dose_mg_L,5,3303255.499905295,660651.0999810591,10.282360476784891,1.4462206677468112e-9,4.3386620032404335e-9,TRUE
Trenbolone,Dark,,time_end,1,739848.7207033074,739848.7207033074,11.514990658121445,7.245841316663973e-4,0.001086876197499596,TRUE
Trenbolone,Dark,,Dose_mg_L:time_end,5,384102.8683370882,76820.57366741764,1.1956338686251242,0.3094419932093986,0.3094419932093986,FALSE
Trenbolone,Dark,,Residuals,794,51015228.90286574,64250.91801368481,NA,NA,NA,NA
Trenbolone,Light,,Dose_mg_L,5,4358697.775506183,871739.5551012366,9.142402215639182,1.8045850914865175e-8,5.413755274459553e-8,TRUE
Trenbolone,Light,,time_end,1,401817.40228712646,401817.40228712646,4.21407550851078,0.04041548876762511,0.06062323315143767,FALSE
Trenbolone,Light,,Dose_mg_L:time_end,5,635680.4536190599,127136.09072381197,1.3333446563476168,0.24787595482021169,0.24787595482021169,FALSE
Trenbolone,Light,,Residuals,798,76090304.11950119,95351.25829511427,NA,NA,NA,NA
Vinclozolin,Dark,,Dose_mg_L,5,6759684.757010974,1351936.9514021948,14.226773831779232,2.4211670699840913e-13,7.263501209952274e-13,TRUE
Vinclozolin,Dark,,time_end,1,174351.25618635293,174351.25618635293,1.8347422832678526,0.17596066214039088,0.17596066214039088,FALSE
Vinclozolin,Dark,,Dose_mg_L:time_end,5,859568.4547405455,171913.69094810908,1.8090911689102382,0.1086391472107216,0.1629587208160824,FALSE
Vinclozolin,Dark,,Residuals,780,74121570.67811012,95027.6547155258,NA,NA,NA,NA
Vinclozolin,Light,,Dose_mg_L,5,5021434.441222475,1004286.888244495,5.259279797472695,9.261762679016527e-5,1.3892644018524792e-4,TRUE
Vinclozolin,Light,,time_end,1,5623675.355241984,5623675.355241984,29.45023232860212,7.638441509830117e-8,2.291532452949035e-7,TRUE
Vinclozolin,Light,,Dose_mg_L:time_end,5,456330.89179175923,91266.17835835184,0.4779454692191145,0.7928660766599245,0.7928660766599245,FALSE
Vinclozolin,Light,,Residuals,789,150663662.2006077,190955.21191458515,NA,NA,NA,NA
