GO/Pathway/Gene Set/Gene ID,GO/Pathway/Gene Set/Gene Name,All Genes (Expression Data),All Genes (Platform),Input Genes,Genes with BMD <= Highest Dose,Genes with BMD p-Value >= ,Genes with BMD/BMDL <= ,Genes with BMDU/BMD <= ,Genes with BMDU/BMDL <= ,Genes with BMD <= N-Fold Lowest Positive Dose ,Genes That Passed All Filters,Fisher's A Parameter,Fisher's B Parameter,Fisher's C Parameter,Fisher's D Parameter,Fisher's Exact Left P-Value,Fisher's Exact Right P-Value,Fisher's Exact Two Tail,Percentage,Entrez Gene IDs,Gene Symbols,Probe IDs,Genes with Conflicting Probesets,BMD Mean,BMD Median,BMD Minimum,BMD Standard Deviation,BMD wMean,BMD wSD,BMDL Mean,BMDL Median,BMDL Minimum,BMDL Standard Deviation,BMDL wMean,BMDL wSD,BMDU Mean,BMDU Median,BMDU Minimum,BMDU Standard Deviation,BMDU wMean,BMDU wSD,5th Percentile Index,BMD at 5th Percentile of Total Genes,10th Percentile Index,BMD at 10th Percentile of Total Genes,BMD List,BMDL List,BMDU List,Probes with Adverse Direction Up,Probes with Adverse Direction Down,Genes with Adverse Direction Up,Genes Up List,Genes Up Probes List,Genes Up BMD Mean,Genes Up BMD Median,Genes Up SD,Genes Up BMDL Mean,Genes Up BMDL Median,Genes Up BMDL SD,Genes Up BMDU Mean,Genes Up BMDU Median,Genes Up BMDU SD,BMD list (up),BMDL List (up),BMDU List (up),Genes with Adverse Direction Down,Genes Down List,Genes Down Probes List,Genes Down BMD Mean,Genes Down BMD Median,Genes Down SD,Genes Down BMDL Mean,Genes Down BMDL Median,Genes Down BMDL SD,Genes Down BMDU Mean,Genes Down BMDU Median,Genes Down BMDU SD,BMD list (down),BMDL List (down),BMDU List (down),Genes with Adverse Conflict Count,Genes Conflict List,Genes Conflict Probes List,BMD list (Conflict),BMDL list (Conflict),BMDU list (Conflict),Model Counts,Mean Fold Change,Total Fold Change,Min Fold Change,Max Fold Change,Standard Deviation Fold Change,Median Fold Change,Lower bound of the 95% confidence interval -  BMD,Upper bound of the 95% confidence interval -  BMD,Lower bound of the 95% confidence interval -  BMDL,Upper bound of the 95% confidence interval -  BMDL,Lower bound of the 95% confidence interval -  BMDU,Upper bound of the 95% confidence interval -  BMDU,Overall Direction,Percent Genes With Overall Direction Up,Percent Genes With Overall Direction Down,Percent Genes With Overall Direction Conflict
R-DRE-168249,Innate Immune System,51,502,1,1,1,1,1,1,1,1,1,5,501,4385,0.88065,0.47795,0.47795,0.2,793447,hbbe1.2,ENSDARG00000115405,,432.901,432.901,432.901,,432.901,,253.739,253.739,253.739,,253.739,,738.565,738.565,738.565,,738.565,,,,,,432.901,253.739,738.565,1,0,1,793447,ENSDARG00000115405,432.901,432.901,,253.739,253.739,,738.565,738.565,,432.901,253.739,738.565,0,,,,,,,,,,,,,,,0,,,,,,"Linear,1(1)",1.915955067,1.915955067,1.915955067,1.915955067,0,1.915955067,432.901,432.901,253.739,253.739,738.565,738.565,UP,1,0,0
R-DRE-168256,Immune System,63,839,1,1,1,1,1,1,1,1,1,5,838,4048,0.72511,0.6768,1,0.12,793447,hbbe1.2,ENSDARG00000115405,,432.901,432.901,432.901,,432.901,,253.739,253.739,253.739,,253.739,,738.565,738.565,738.565,,738.565,,,,,,432.901,253.739,738.565,1,0,1,793447,ENSDARG00000115405,432.901,432.901,,253.739,253.739,,738.565,738.565,,432.901,253.739,738.565,0,,,,,,,,,,,,,,,0,,,,,,"Linear,1(1)",1.915955067,1.915955067,1.915955067,1.915955067,0,1.915955067,432.901,432.901,253.739,253.739,738.565,738.565,UP,1,0,0
R-DRE-6798695,Neutrophil degranulation,35,300,1,1,1,1,1,1,1,1,1,5,299,4587,0.9523,0.31608,0.31608,0.33,793447,hbbe1.2,ENSDARG00000115405,,432.901,432.901,432.901,,432.901,,253.739,253.739,253.739,,253.739,,738.565,738.565,738.565,,738.565,,,,,,432.901,253.739,738.565,1,0,1,793447,ENSDARG00000115405,432.901,432.901,,253.739,253.739,,738.565,738.565,,432.901,253.739,738.565,0,,,,,,,,,,,,,,,0,,,,,,"Linear,1(1)",1.915955067,1.915955067,1.915955067,1.915955067,0,1.915955067,432.901,432.901,253.739,253.739,738.565,738.565,UP,1,0,0
R-DRE-1430728,Metabolism,138,1029,5,5,4,4,4,3,5,2,2,4,1027,3859,0.88813,0.37006,0.61232,0.19,415166;266799,fabp6;gatm,ENSDARG00000044566;ENSDARG00000036239,,410.8775,410.8775,408.814,2.918229686,410.6592156,2.901856018,245.6975,245.6975,244.841,1.211273916,245.6068964,1.204477674,687.1085,687.1085,682.602,6.373153419,686.6317864,6.337394789,,,,,412.941;408.814,246.554;244.841,691.615;682.602,2,0,2,415166;266799,ENSDARG00000044566;ENSDARG00000036239,410.8775,410.8775,2.918229686,245.6975,245.6975,1.211273916,687.1085,687.1085,6.373153419,412.941;408.814,246.554;244.841,691.615;682.602,0,,,,,,,,,,,,,,,0,,,,,,"Linear,2(1)",2.25415658,4.745490909,1.632003188,3.11348772,1.047567759,2.372745454,406.83304,414.92196,244.01876,247.37624,678.27576,695.94124,UP,1,0,0
R-DRE-1266738,Developmental Biology,24,204,3,2,2,2,2,2,3,1,1,5,203,4683,0.97677,0.22563,0.22563,0.49,567771,col6a2,ENSDARG00000061436,,8.42385,8.42385,8.42385,,8.42385,,2.70178,2.70178,2.70178,,2.70178,,26.2647,26.2647,26.2647,,26.2647,,,,,,8.42385,2.70178,26.2647,1,0,1,567771,ENSDARG00000061436,8.42385,8.42385,,2.70178,2.70178,,26.2647,26.2647,,8.42385,2.70178,26.2647,0,,,,,,,,,,,,,,,0,,,,,,"Exp 5,1(1)",1.777459502,1.777459502,1.777459502,1.777459502,0,1.777459502,8.42385,8.42385,2.70178,2.70178,26.2647,26.2647,UP,1,0,0
R-DRE-381426,Regulation of Insulin-like Growth Factor (IGF) transport and uptake by Insulin-like Growth Factor Binding Proteins (IGFBPs),9,73,1,1,0,0,0,0,1,0,0,6,73,4813,0.9137,1,1,0,,,,,,,,,,,,,,,,,,,,,,,,,,,,,,0,0,0,,,,,,,,,,,,,,,0,,,,,,,,,,,,,,,0,,,,,,,,,,,,,,,,,,,,,,
R-DRE-392499,Metabolism of proteins,128,976,5,5,2,3,3,3,5,1,1,5,975,3911,0.65657,0.73709,1,0.1,30678,pcna,ENSDARG00000054155,,9.99453,9.99453,9.99453,,9.99453,,8.46305,8.46305,8.46305,,8.46305,,11.8031,11.8031,11.8031,,11.8031,,,,,,9.99453,8.46305,11.8031,1,0,1,30678,ENSDARG00000054155,9.99453,9.99453,,8.46305,8.46305,,11.8031,11.8031,,9.99453,8.46305,11.8031,0,,,,,,,,,,,,,,,0,,,,,,"Hill,1(1)",1.873780012,1.873780012,1.873780012,1.873780012,0,1.873780012,9.99453,9.99453,8.46305,8.46305,11.8031,11.8031,UP,1,0,0
R-DRE-597592,Post-translational protein modification,46,751,3,3,1,2,2,2,3,1,1,5,750,4136,0.76825,0.63232,1,0.13,30678,pcna,ENSDARG00000054155,,9.99453,9.99453,9.99453,,9.99453,,8.46305,8.46305,8.46305,,8.46305,,11.8031,11.8031,11.8031,,11.8031,,,,,,9.99453,8.46305,11.8031,1,0,1,30678,ENSDARG00000054155,9.99453,9.99453,,8.46305,8.46305,,11.8031,11.8031,,9.99453,8.46305,11.8031,0,,,,,,,,,,,,,,,0,,,,,,"Hill,1(1)",1.873780012,1.873780012,1.873780012,1.873780012,0,1.873780012,9.99453,9.99453,8.46305,8.46305,11.8031,11.8031,UP,1,0,0
R-DRE-8957275,Post-translational protein phosphorylation,9,60,1,1,0,0,0,0,1,0,0,6,60,4826,0.92859,1,1,0,,,,,,,,,,,,,,,,,,,,,,,,,,,,,,0,0,0,,,,,,,,,,,,,,,0,,,,,,,,,,,,,,,0,,,,,,,,,,,,,,,,,,,,,,
R-DRE-162582,Signal Transduction,78,1352,4,3,2,2,2,1,4,1,1,5,1351,3535,0.47252,0.85659,1,0.074,567771,col6a2,ENSDARG00000061436,,8.42385,8.42385,8.42385,,8.42385,,2.70178,2.70178,2.70178,,2.70178,,26.2647,26.2647,26.2647,,26.2647,,,,,,8.42385,2.70178,26.2647,1,0,1,567771,ENSDARG00000061436,8.42385,8.42385,,2.70178,2.70178,,26.2647,26.2647,,8.42385,2.70178,26.2647,0,,,,,,,,,,,,,,,0,,,,,,"Exp 5,1(1)",1.777459502,1.777459502,1.777459502,1.777459502,0,1.777459502,8.42385,8.42385,2.70178,2.70178,26.2647,26.2647,UP,1,0,0
R-DRE-1640170,Cell Cycle,35,392,1,1,1,1,1,1,1,1,1,5,391,4495,0.92259,0.39432,0.39432,0.26,30678,pcna,ENSDARG00000054155,,9.99453,9.99453,9.99453,,9.99453,,8.46305,8.46305,8.46305,,8.46305,,11.8031,11.8031,11.8031,,11.8031,,,,,,9.99453,8.46305,11.8031,1,0,1,30678,ENSDARG00000054155,9.99453,9.99453,,8.46305,8.46305,,11.8031,11.8031,,9.99453,8.46305,11.8031,0,,,,,,,,,,,,,,,0,,,,,,"Hill,1(1)",1.873780012,1.873780012,1.873780012,1.873780012,0,1.873780012,9.99453,9.99453,8.46305,8.46305,11.8031,11.8031,UP,1,0,0
R-DRE-212436,Generic Transcription Pathway,37,488,2,2,2,2,2,2,2,2,2,4,486,4400,0.98432,0.11368,0.11368,0.41,58013;30678,noc2l;pcna,ENSDARG00000001754;ENSDARG00000054155,,396.249265,396.249265,9.99453,546.2466848,264.7165505,513.5988032,167.611525,167.611525,8.46305,225.0699318,113.4161222,211.6180305,942.84655,942.84655,11.8031,1316.694274,625.7949743,1237.998549,,,,,782.504;9.99453,326.76;8.46305,1873.89;11.8031,1,1,1,30678,ENSDARG00000054155,9.99453,9.99453,,8.46305,8.46305,,11.8031,11.8031,,9.99453,8.46305,11.8031,1,58013,ENSDARG00000001754,782.504,782.504,,326.76,326.76,,1873.89,1873.89,,782.504,326.76,1873.89,0,,,,,,"Hill,1(0.5);Linear,1(0.5)",2.788368019,6.023144484,1.873780012,4.149364471,1.609081202,3.011572242,-360.8100156,1153.308546,-144.319486,479.542536,-881.998612,2767.691712,CONFLICT,0.5,0.5,0
R-DRE-3700989,Transcriptional Regulation by TP53,21,210,2,2,2,2,2,2,2,2,2,4,208,4678,0.99858,0.02454,0.02454,0.95,58013;30678,noc2l;pcna,ENSDARG00000001754;ENSDARG00000054155,,396.249265,396.249265,9.99453,546.2466848,264.7165505,513.5988032,167.611525,167.611525,8.46305,225.0699318,113.4161222,211.6180305,942.84655,942.84655,11.8031,1316.694274,625.7949743,1237.998549,,,,,782.504;9.99453,326.76;8.46305,1873.89;11.8031,1,1,1,30678,ENSDARG00000054155,9.99453,9.99453,,8.46305,8.46305,,11.8031,11.8031,,9.99453,8.46305,11.8031,1,58013,ENSDARG00000001754,782.504,782.504,,326.76,326.76,,1873.89,1873.89,,782.504,326.76,1873.89,0,,,,,,"Hill,1(0.5);Linear,1(0.5)",2.788368019,6.023144484,1.873780012,4.149364471,1.609081202,3.011572242,-360.8100156,1153.308546,-144.319486,479.542536,-881.998612,2767.691712,CONFLICT,0.5,0.5,0
R-DRE-5633007,Regulation of TP53 Activity,5,107,1,1,1,1,1,1,1,1,1,5,106,4780,0.99329,0.12432,0.12432,0.93,58013,noc2l,ENSDARG00000001754,,782.504,782.504,782.504,,782.504,,326.76,326.76,326.76,,326.76,,1873.89,1873.89,1873.89,,1873.89,,,,,,782.504,326.76,1873.89,0,1,0,,,,,,,,,,,,,,,1,58013,ENSDARG00000001754,782.504,782.504,,326.76,326.76,,1873.89,1873.89,,782.504,326.76,1873.89,0,,,,,,"Linear,1(1)",4.149364471,4.149364471,4.149364471,4.149364471,0,4.149364471,782.504,782.504,326.76,326.76,1873.89,1873.89,DOWN,0,1,0
R-DRE-5653656,Vesicle-mediated transport,22,337,1,1,1,1,1,1,1,1,1,5,336,4550,0.94102,0.3485,0.3485,0.3,793447,hbbe1.2,ENSDARG00000115405,,432.901,432.901,432.901,,432.901,,253.739,253.739,253.739,,253.739,,738.565,738.565,738.565,,738.565,,,,,,432.901,253.739,738.565,1,0,1,793447,ENSDARG00000115405,432.901,432.901,,253.739,253.739,,738.565,738.565,,432.901,253.739,738.565,0,,,,,,,,,,,,,,,0,,,,,,"Linear,1(1)",1.915955067,1.915955067,1.915955067,1.915955067,0,1.915955067,432.901,432.901,253.739,253.739,738.565,738.565,UP,1,0,0
R-DRE-69242,S Phase,13,101,1,1,1,1,1,1,1,1,1,5,100,4786,0.994,0.11771,0.11771,0.99,30678,pcna,ENSDARG00000054155,,9.99453,9.99453,9.99453,,9.99453,,8.46305,8.46305,8.46305,,8.46305,,11.8031,11.8031,11.8031,,11.8031,,,,,,9.99453,8.46305,11.8031,1,0,1,30678,ENSDARG00000054155,9.99453,9.99453,,8.46305,8.46305,,11.8031,11.8031,,9.99453,8.46305,11.8031,0,,,,,,,,,,,,,,,0,,,,,,"Hill,1(1)",1.873780012,1.873780012,1.873780012,1.873780012,0,1.873780012,9.99453,9.99453,8.46305,8.46305,11.8031,11.8031,UP,1,0,0
R-DRE-69278,"Cell Cycle, Mitotic",29,331,1,1,1,1,1,1,1,1,1,5,330,4556,0.94291,0.34333,0.34333,0.3,30678,pcna,ENSDARG00000054155,,9.99453,9.99453,9.99453,,9.99453,,8.46305,8.46305,8.46305,,8.46305,,11.8031,11.8031,11.8031,,11.8031,,,,,,9.99453,8.46305,11.8031,1,0,1,30678,ENSDARG00000054155,9.99453,9.99453,,8.46305,8.46305,,11.8031,11.8031,,9.99453,8.46305,11.8031,0,,,,,,,,,,,,,,,0,,,,,,"Hill,1(1)",1.873780012,1.873780012,1.873780012,1.873780012,0,1.873780012,9.99453,9.99453,8.46305,8.46305,11.8031,11.8031,UP,1,0,0
R-DRE-73857,RNA Polymerase II Transcription,37,524,2,2,2,2,2,2,2,2,2,4,522,4364,0.98093,0.12844,0.12844,0.38,58013;30678,noc2l;pcna,ENSDARG00000001754;ENSDARG00000054155,,396.249265,396.249265,9.99453,546.2466848,264.7165505,513.5988032,167.611525,167.611525,8.46305,225.0699318,113.4161222,211.6180305,942.84655,942.84655,11.8031,1316.694274,625.7949743,1237.998549,,,,,782.504;9.99453,326.76;8.46305,1873.89;11.8031,1,1,1,30678,ENSDARG00000054155,9.99453,9.99453,,8.46305,8.46305,,11.8031,11.8031,,9.99453,8.46305,11.8031,1,58013,ENSDARG00000001754,782.504,782.504,,326.76,326.76,,1873.89,1873.89,,782.504,326.76,1873.89,0,,,,,,"Hill,1(0.5);Linear,1(0.5)",2.788368019,6.023144484,1.873780012,4.149364471,1.609081202,3.011572242,-360.8100156,1153.308546,-144.319486,479.542536,-881.998612,2767.691712,CONFLICT,0.5,0.5,0
R-DRE-74160,Gene expression (Transcription),42,586,2,2,2,2,2,2,2,2,2,4,584,4302,0.97411,0.15508,0.15508,0.34,58013;30678,noc2l;pcna,ENSDARG00000001754;ENSDARG00000054155,,396.249265,396.249265,9.99453,546.2466848,264.7165505,513.5988032,167.611525,167.611525,8.46305,225.0699318,113.4161222,211.6180305,942.84655,942.84655,11.8031,1316.694274,625.7949743,1237.998549,,,,,782.504;9.99453,326.76;8.46305,1873.89;11.8031,1,1,1,30678,ENSDARG00000054155,9.99453,9.99453,,8.46305,8.46305,,11.8031,11.8031,,9.99453,8.46305,11.8031,1,58013,ENSDARG00000001754,782.504,782.504,,326.76,326.76,,1873.89,1873.89,,782.504,326.76,1873.89,0,,,,,,"Hill,1(0.5);Linear,1(0.5)",2.788368019,6.023144484,1.873780012,4.149364471,1.609081202,3.011572242,-360.8100156,1153.308546,-144.319486,479.542536,-881.998612,2767.691712,CONFLICT,0.5,0.5,0
R-DRE-9006934,Signaling by Receptor Tyrosine Kinases,20,254,2,1,1,2,2,1,2,1,1,5,253,4633,0.96494,0.27391,0.27391,0.39,567771,col6a2,ENSDARG00000061436,,8.42385,8.42385,8.42385,,8.42385,,2.70178,2.70178,2.70178,,2.70178,,26.2647,26.2647,26.2647,,26.2647,,,,,,8.42385,2.70178,26.2647,1,0,1,567771,ENSDARG00000061436,8.42385,8.42385,,2.70178,2.70178,,26.2647,26.2647,,8.42385,2.70178,26.2647,0,,,,,,,,,,,,,,,0,,,,,,"Exp 5,1(1)",1.777459502,1.777459502,1.777459502,1.777459502,0,1.777459502,8.42385,8.42385,2.70178,2.70178,26.2647,26.2647,UP,1,0,0
R-DRE-397014,Muscle contraction,20,92,1,0,0,1,1,0,1,0,0,6,92,4794,0.89228,1,1,0,,,,,,,,,,,,,,,,,,,,,,,,,,,,,,0,0,0,,,,,,,,,,,,,,,0,,,,,,,,,,,,,,,0,,,,,,,,,,,,,,,,,,,,,,
R-DRE-382551,Transport of small molecules,39,372,1,1,1,1,1,1,1,1,1,5,371,4515,0.92951,0.37798,0.37798,0.27,793447,hbbe1.2,ENSDARG00000115405,,432.901,432.901,432.901,,432.901,,253.739,253.739,253.739,,253.739,,738.565,738.565,738.565,,738.565,,,,,,432.901,253.739,738.565,1,0,1,793447,ENSDARG00000115405,432.901,432.901,,253.739,253.739,,738.565,738.565,,432.901,253.739,738.565,0,,,,,,,,,,,,,,,0,,,,,,"Linear,1(1)",1.915955067,1.915955067,1.915955067,1.915955067,0,1.915955067,432.901,432.901,253.739,253.739,738.565,738.565,UP,1,0,0
R-DRE-194315,Signaling by Rho GTPases,32,394,1,1,1,0,0,0,1,0,0,6,394,4492,0.60406,1,1,0,,,,,,,,,,,,,,,,,,,,,,,,,,,,,,0,0,0,,,,,,,,,,,,,,,0,,,,,,,,,,,,,,,0,,,,,,,,,,,,,,,,,,,,,,
R-DRE-195258,RHO GTPase Effectors,21,179,1,1,1,0,0,0,1,0,0,6,179,4707,0.79949,1,1,0,,,,,,,,,,,,,,,,,,,,,,,,,,,,,,0,0,0,,,,,,,,,,,,,,,0,,,,,,,,,,,,,,,0,,,,,,,,,,,,,,,,,,,,,,
R-DRE-5663220,RHO GTPases Activate Formins,6,79,1,1,1,0,0,0,1,0,0,6,79,4807,0.90689,1,1,0,,,,,,,,,,,,,,,,,,,,,,,,,,,,,,0,0,0,,,,,,,,,,,,,,,0,,,,,,,,,,,,,,,0,,,,,,,,,,,,,,,,,,,,,,
R-DRE-9716542,"Signaling by Rho GTPases, Miro GTPases and RHOBTB3",32,403,1,1,1,0,0,0,1,0,0,6,403,4483,0.59684,1,1,0,,,,,,,,,,,,,,,,,,,,,,,,,,,,,,0,0,0,,,,,,,,,,,,,,,0,,,,,,,,,,,,,,,0,,,,,,,,,,,,,,,,,,,,,,
R-DRE-156827,L13a-mediated translational silencing of Ceruloplasmin expression,71,76,2,2,1,1,1,1,2,0,0,6,76,4810,0.91029,1,1,0,,,,,,,,,,,,,,,,,,,,,,,,,,,,,,0,0,0,,,,,,,,,,,,,,,0,,,,,,,,,,,,,,,0,,,,,,,,,,,,,,,,,,,,,,
R-DRE-1799339,SRP-dependent cotranslational protein targeting to membrane,59,64,1,1,0,1,1,1,1,0,0,6,64,4822,0.92399,1,1,0,,,,,,,,,,,,,,,,,,,,,,,,,,,,,,0,0,0,,,,,,,,,,,,,,,0,,,,,,,,,,,,,,,0,,,,,,,,,,,,,,,,,,,,,,
R-DRE-6791226,Major pathway of rRNA processing in the nucleolus and cytosol,63,118,1,1,0,1,1,1,1,0,0,6,118,4768,0.86366,1,1,0,,,,,,,,,,,,,,,,,,,,,,,,,,,,,,0,0,0,,,,,,,,,,,,,,,0,,,,,,,,,,,,,,,0,,,,,,,,,,,,,,,,,,,,,,
R-DRE-72312,rRNA processing,63,118,1,1,0,1,1,1,1,0,0,6,118,4768,0.86366,1,1,0,,,,,,,,,,,,,,,,,,,,,,,,,,,,,,0,0,0,,,,,,,,,,,,,,,0,,,,,,,,,,,,,,,0,,,,,,,,,,,,,,,,,,,,,,
R-DRE-72613,Eukaryotic Translation Initiation,71,79,2,2,1,1,1,1,2,0,0,6,79,4807,0.90689,1,1,0,,,,,,,,,,,,,,,,,,,,,,,,,,,,,,0,0,0,,,,,,,,,,,,,,,0,,,,,,,,,,,,,,,0,,,,,,,,,,,,,,,,,,,,,,
R-DRE-72649,Translation initiation complex formation,37,42,1,1,1,0,0,0,1,0,0,6,42,4844,0.94956,1,1,0,,,,,,,,,,,,,,,,,,,,,,,,,,,,,,0,0,0,,,,,,,,,,,,,,,0,,,,,,,,,,,,,,,0,,,,,,,,,,,,,,,,,,,,,,
R-DRE-72662,"Activation of the mRNA upon binding of the cap-binding complex and eIFs, and subsequent binding to 43S",37,42,1,1,1,0,0,0,1,0,0,6,42,4844,0.94956,1,1,0,,,,,,,,,,,,,,,,,,,,,,,,,,,,,,0,0,0,,,,,,,,,,,,,,,0,,,,,,,,,,,,,,,0,,,,,,,,,,,,,,,,,,,,,,
R-DRE-72689,Formation of a pool of free 40S subunits,68,71,2,2,1,1,1,1,2,0,0,6,71,4815,0.91598,1,1,0,,,,,,,,,,,,,,,,,,,,,,,,,,,,,,0,0,0,,,,,,,,,,,,,,,0,,,,,,,,,,,,,,,0,,,,,,,,,,,,,,,,,,,,,,
R-DRE-72695,"Formation of the ternary complex, and subsequently, the 43S complex",36,39,1,1,1,0,0,0,1,0,0,6,39,4847,0.95309,1,1,0,,,,,,,,,,,,,,,,,,,,,,,,,,,,,,0,0,0,,,,,,,,,,,,,,,0,,,,,,,,,,,,,,,0,,,,,,,,,,,,,,,,,,,,,,
R-DRE-72702,Ribosomal scanning and start codon recognition,36,41,1,1,1,0,0,0,1,0,0,6,41,4845,0.95073,1,1,0,,,,,,,,,,,,,,,,,,,,,,,,,,,,,,0,0,0,,,,,,,,,,,,,,,0,,,,,,,,,,,,,,,0,,,,,,,,,,,,,,,,,,,,,,
R-DRE-72706,GTP hydrolysis and joining of the 60S ribosomal subunit,70,75,2,2,1,1,1,1,2,0,0,6,75,4811,0.91142,1,1,0,,,,,,,,,,,,,,,,,,,,,,,,,,,,,,0,0,0,,,,,,,,,,,,,,,0,,,,,,,,,,,,,,,0,,,,,,,,,,,,,,,,,,,,,,
R-DRE-72737,Cap-dependent Translation Initiation,71,79,2,2,1,1,1,1,2,0,0,6,79,4807,0.90689,1,1,0,,,,,,,,,,,,,,,,,,,,,,,,,,,,,,0,0,0,,,,,,,,,,,,,,,0,,,,,,,,,,,,,,,0,,,,,,,,,,,,,,,,,,,,,,
R-DRE-72766,Translation,77,145,2,2,1,1,1,1,2,0,0,6,145,4741,0.83475,1,1,0,,,,,,,,,,,,,,,,,,,,,,,,,,,,,,0,0,0,,,,,,,,,,,,,,,0,,,,,,,,,,,,,,,0,,,,,,,,,,,,,,,,,,,,,,
R-DRE-8868773,rRNA processing in the nucleus and cytosol,63,118,1,1,0,1,1,1,1,0,0,6,118,4768,0.86366,1,1,0,,,,,,,,,,,,,,,,,,,,,,,,,,,,,,0,0,0,,,,,,,,,,,,,,,0,,,,,,,,,,,,,,,0,,,,,,,,,,,,,,,,,,,,,,
R-DRE-8953854,Metabolism of RNA,80,372,2,1,0,2,2,2,2,0,0,6,372,4514,0.62202,1,1,0,,,,,,,,,,,,,,,,,,,,,,,,,,,,,,0,0,0,,,,,,,,,,,,,,,0,,,,,,,,,,,,,,,0,,,,,,,,,,,,,,,,,,,,,,
R-DRE-927802,Nonsense-Mediated Decay (NMD),61,77,1,1,0,1,1,1,1,0,0,6,77,4809,0.90915,1,1,0,,,,,,,,,,,,,,,,,,,,,,,,,,,,,,0,0,0,,,,,,,,,,,,,,,0,,,,,,,,,,,,,,,0,,,,,,,,,,,,,,,,,,,,,,
R-DRE-975956,Nonsense Mediated Decay (NMD) independent of the Exon Junction Complex (EJC),60,63,1,1,0,1,1,1,1,0,0,6,63,4823,0.92514,1,1,0,,,,,,,,,,,,,,,,,,,,,,,,,,,,,,0,0,0,,,,,,,,,,,,,,,0,,,,,,,,,,,,,,,0,,,,,,,,,,,,,,,,,,,,,,
R-DRE-975957,Nonsense Mediated Decay (NMD) enhanced by the Exon Junction Complex (EJC),61,77,1,1,0,1,1,1,1,0,0,6,77,4809,0.90915,1,1,0,,,,,,,,,,,,,,,,,,,,,,,,,,,,,,0,0,0,,,,,,,,,,,,,,,0,,,,,,,,,,,,,,,0,,,,,,,,,,,,,,,,,,,,,,
R-DRE-5693532,DNA Double-Strand Break Repair,6,90,1,1,1,1,1,1,1,1,1,5,89,4797,0.99521,0.10548,0.10548,1.11,30678,pcna,ENSDARG00000054155,,9.99453,9.99453,9.99453,,9.99453,,8.46305,8.46305,8.46305,,8.46305,,11.8031,11.8031,11.8031,,11.8031,,,,,,9.99453,8.46305,11.8031,1,0,1,30678,ENSDARG00000054155,9.99453,9.99453,,8.46305,8.46305,,11.8031,11.8031,,9.99453,8.46305,11.8031,0,,,,,,,,,,,,,,,0,,,,,,"Hill,1(1)",1.873780012,1.873780012,1.873780012,1.873780012,0,1.873780012,9.99453,9.99453,8.46305,8.46305,11.8031,11.8031,UP,1,0,0
R-DRE-5693538,Homology Directed Repair,5,74,1,1,1,1,1,1,1,1,1,5,73,4813,0.99674,0.08744,0.08744,1.35,30678,pcna,ENSDARG00000054155,,9.99453,9.99453,9.99453,,9.99453,,8.46305,8.46305,8.46305,,8.46305,,11.8031,11.8031,11.8031,,11.8031,,,,,,9.99453,8.46305,11.8031,1,0,1,30678,ENSDARG00000054155,9.99453,9.99453,,8.46305,8.46305,,11.8031,11.8031,,9.99453,8.46305,11.8031,0,,,,,,,,,,,,,,,0,,,,,,"Hill,1(1)",1.873780012,1.873780012,1.873780012,1.873780012,0,1.873780012,9.99453,9.99453,8.46305,8.46305,11.8031,11.8031,UP,1,0,0
R-DRE-5693567,HDR through Homologous Recombination (HRR) or Single Strand Annealing (SSA),5,69,1,1,1,1,1,1,1,1,1,5,68,4818,0.99716,0.08174,0.08174,1.45,30678,pcna,ENSDARG00000054155,,9.99453,9.99453,9.99453,,9.99453,,8.46305,8.46305,8.46305,,8.46305,,11.8031,11.8031,11.8031,,11.8031,,,,,,9.99453,8.46305,11.8031,1,0,1,30678,ENSDARG00000054155,9.99453,9.99453,,8.46305,8.46305,,11.8031,11.8031,,9.99453,8.46305,11.8031,0,,,,,,,,,,,,,,,0,,,,,,"Hill,1(1)",1.873780012,1.873780012,1.873780012,1.873780012,0,1.873780012,9.99453,9.99453,8.46305,8.46305,11.8031,11.8031,UP,1,0,0
R-DRE-73894,DNA Repair,15,177,1,1,1,1,1,1,1,1,1,5,176,4710,0.98226,0.19847,0.19847,0.56,30678,pcna,ENSDARG00000054155,,9.99453,9.99453,9.99453,,9.99453,,8.46305,8.46305,8.46305,,8.46305,,11.8031,11.8031,11.8031,,11.8031,,,,,,9.99453,8.46305,11.8031,1,0,1,30678,ENSDARG00000054155,9.99453,9.99453,,8.46305,8.46305,,11.8031,11.8031,,9.99453,8.46305,11.8031,0,,,,,,,,,,,,,,,0,,,,,,"Hill,1(1)",1.873780012,1.873780012,1.873780012,1.873780012,0,1.873780012,9.99453,9.99453,8.46305,8.46305,11.8031,11.8031,UP,1,0,0
R-DRE-376176,Signaling by ROBO receptors,5,18,1,1,1,0,0,0,1,0,0,6,18,4868,0.97811,1,1,0,,,,,,,,,,,,,,,,,,,,,,,,,,,,,,0,0,0,,,,,,,,,,,,,,,0,,,,,,,,,,,,,,,0,,,,,,,,,,,,,,,,,,,,,,
R-DRE-422475,Axon guidance,13,145,2,2,2,1,1,1,2,1,1,5,144,4742,0.9879,0.16525,0.16525,0.69,567771,col6a2,ENSDARG00000061436,,8.42385,8.42385,8.42385,,8.42385,,2.70178,2.70178,2.70178,,2.70178,,26.2647,26.2647,26.2647,,26.2647,,,,,,8.42385,2.70178,26.2647,1,0,1,567771,ENSDARG00000061436,8.42385,8.42385,,2.70178,2.70178,,26.2647,26.2647,,8.42385,2.70178,26.2647,0,,,,,,,,,,,,,,,0,,,,,,"Exp 5,1(1)",1.777459502,1.777459502,1.777459502,1.777459502,0,1.777459502,8.42385,8.42385,2.70178,2.70178,26.2647,26.2647,UP,1,0,0
R-DRE-9675108,Nervous system development,13,146,2,2,2,1,1,1,2,1,1,5,145,4741,0.98774,0.16631,0.16631,0.68,567771,col6a2,ENSDARG00000061436,,8.42385,8.42385,8.42385,,8.42385,,2.70178,2.70178,2.70178,,2.70178,,26.2647,26.2647,26.2647,,26.2647,,,,,,8.42385,2.70178,26.2647,1,0,1,567771,ENSDARG00000061436,8.42385,8.42385,,2.70178,2.70178,,26.2647,26.2647,,8.42385,2.70178,26.2647,0,,,,,,,,,,,,,,,0,,,,,,"Exp 5,1(1)",1.777459502,1.777459502,1.777459502,1.777459502,0,1.777459502,8.42385,8.42385,2.70178,2.70178,26.2647,26.2647,UP,1,0,0
R-DRE-71291,Metabolism of amino acids and derivatives,28,156,1,1,1,1,1,1,1,1,1,5,155,4731,0.98607,0.1768,0.1768,0.64,266799,gatm,ENSDARG00000036239,,408.814,408.814,408.814,,408.814,,244.841,244.841,244.841,,244.841,,682.602,682.602,682.602,,682.602,,,,,,408.814,244.841,682.602,1,0,1,266799,ENSDARG00000036239,408.814,408.814,,244.841,244.841,,682.602,682.602,,408.814,244.841,682.602,0,,,,,,,,,,,,,,,0,,,,,,"Linear,1(1)",3.11348772,3.11348772,3.11348772,3.11348772,0,3.11348772,408.814,408.814,244.841,244.841,682.602,682.602,UP,1,0,0
R-DRE-556833,Metabolism of lipids,18,343,1,1,1,1,1,1,1,1,1,5,342,4544,0.9391,0.35364,0.35364,0.29,415166,fabp6,ENSDARG00000044566,,412.941,412.941,412.941,,412.941,,246.554,246.554,246.554,,246.554,,691.615,691.615,691.615,,691.615,,,,,,412.941,246.554,691.615,1,0,1,415166,ENSDARG00000044566,412.941,412.941,,246.554,246.554,,691.615,691.615,,412.941,246.554,691.615,0,,,,,,,,,,,,,,,0,,,,,,"Linear,1(1)",1.632003188,1.632003188,1.632003188,1.632003188,0,1.632003188,412.941,412.941,246.554,246.554,691.615,691.615,UP,1,0,0
R-DRE-9609507,Protein localization,13,75,1,1,1,0,0,0,1,0,0,6,75,4811,0.91142,1,1,0,,,,,,,,,,,,,,,,,,,,,,,,,,,,,,0,0,0,,,,,,,,,,,,,,,0,,,,,,,,,,,,,,,0,,,,,,,,,,,,,,,,,,,,,,
R-DRE-1428517,The citric acid (TCA) cycle and respiratory electron transport,63,119,3,3,2,2,2,1,3,0,0,6,119,4767,0.86257,1,1,0,,,,,,,,,,,,,,,,,,,,,,,,,,,,,,0,0,0,,,,,,,,,,,,,,,0,,,,,,,,,,,,,,,0,,,,,,,,,,,,,,,,,,,,,,
R-DRE-163200,"Respiratory electron transport, ATP synthesis by chemiosmotic coupling, and heat production by uncoupling proteins.",52,81,3,3,2,2,2,1,3,0,0,6,81,4805,0.90463,1,1,0,,,,,,,,,,,,,,,,,,,,,,,,,,,,,,0,0,0,,,,,,,,,,,,,,,0,,,,,,,,,,,,,,,0,,,,,,,,,,,,,,,,,,,,,,
R-DRE-2262752,Cellular responses to stress,49,336,1,1,1,1,1,1,1,1,1,5,335,4551,0.94134,0.34764,0.34764,0.3,793447,hbbe1.2,ENSDARG00000115405,,432.901,432.901,432.901,,432.901,,253.739,253.739,253.739,,253.739,,738.565,738.565,738.565,,738.565,,,,,,432.901,253.739,738.565,1,0,1,793447,ENSDARG00000115405,432.901,432.901,,253.739,253.739,,738.565,738.565,,432.901,253.739,738.565,0,,,,,,,,,,,,,,,0,,,,,,"Linear,1(1)",1.915955067,1.915955067,1.915955067,1.915955067,0,1.915955067,432.901,432.901,253.739,253.739,738.565,738.565,UP,1,0,0
R-DRE-611105,Respiratory electron transport,38,64,2,2,1,2,2,1,2,0,0,6,64,4822,0.92399,1,1,0,,,,,,,,,,,,,,,,,,,,,,,,,,,,,,0,0,0,,,,,,,,,,,,,,,0,,,,,,,,,,,,,,,0,,,,,,,,,,,,,,,,,,,,,,
R-DRE-8953897,Cellular responses to stimuli,49,336,1,1,1,1,1,1,1,1,1,5,335,4551,0.94134,0.34764,0.34764,0.3,793447,hbbe1.2,ENSDARG00000115405,,432.901,432.901,432.901,,432.901,,253.739,253.739,253.739,,253.739,,738.565,738.565,738.565,,738.565,,,,,,432.901,253.739,738.565,1,0,1,793447,ENSDARG00000115405,432.901,432.901,,253.739,253.739,,738.565,738.565,,432.901,253.739,738.565,0,,,,,,,,,,,,,,,0,,,,,,"Linear,1(1)",1.915955067,1.915955067,1.915955067,1.915955067,0,1.915955067,432.901,432.901,253.739,253.739,738.565,738.565,UP,1,0,0
R-DRE-9707564,Cytoprotection by HMOX1,22,84,1,1,1,1,1,1,1,1,1,5,83,4803,0.99582,0.098751,0.098751,1.19,793447,hbbe1.2,ENSDARG00000115405,,432.901,432.901,432.901,,432.901,,253.739,253.739,253.739,,253.739,,738.565,738.565,738.565,,738.565,,,,,,432.901,253.739,738.565,1,0,1,793447,ENSDARG00000115405,432.901,432.901,,253.739,253.739,,738.565,738.565,,432.901,253.739,738.565,0,,,,,,,,,,,,,,,0,,,,,,"Linear,1(1)",1.915955067,1.915955067,1.915955067,1.915955067,0,1.915955067,432.901,432.901,253.739,253.739,738.565,738.565,UP,1,0,0
R-DRE-9711123,Cellular response to chemical stress,27,101,1,1,1,1,1,1,1,1,1,5,100,4786,0.994,0.11771,0.11771,0.99,793447,hbbe1.2,ENSDARG00000115405,,432.901,432.901,432.901,,432.901,,253.739,253.739,253.739,,253.739,,738.565,738.565,738.565,,738.565,,,,,,432.901,253.739,738.565,1,0,1,793447,ENSDARG00000115405,432.901,432.901,,253.739,253.739,,738.565,738.565,,432.901,253.739,738.565,0,,,,,,,,,,,,,,,0,,,,,,"Linear,1(1)",1.915955067,1.915955067,1.915955067,1.915955067,0,1.915955067,432.901,432.901,253.739,253.739,738.565,738.565,UP,1,0,0
R-DRE-1474228,Degradation of the extracellular matrix,10,59,1,1,1,1,1,1,1,1,1,5,58,4828,0.99792,0.070251,0.070251,1.69,567771,col6a2,ENSDARG00000061436,,8.42385,8.42385,8.42385,,8.42385,,2.70178,2.70178,2.70178,,2.70178,,26.2647,26.2647,26.2647,,26.2647,,,,,,8.42385,2.70178,26.2647,1,0,1,567771,ENSDARG00000061436,8.42385,8.42385,,2.70178,2.70178,,26.2647,26.2647,,8.42385,2.70178,26.2647,0,,,,,,,,,,,,,,,0,,,,,,"Exp 5,1(1)",1.777459502,1.777459502,1.777459502,1.777459502,0,1.777459502,8.42385,8.42385,2.70178,2.70178,26.2647,26.2647,UP,1,0,0
R-DRE-1474244,Extracellular matrix organization,15,129,2,1,1,2,2,1,2,1,1,5,128,4758,0.99034,0.14822,0.14822,0.78,567771,col6a2,ENSDARG00000061436,,8.42385,8.42385,8.42385,,8.42385,,2.70178,2.70178,2.70178,,2.70178,,26.2647,26.2647,26.2647,,26.2647,,,,,,8.42385,2.70178,26.2647,1,0,1,567771,ENSDARG00000061436,8.42385,8.42385,,2.70178,2.70178,,26.2647,26.2647,,8.42385,2.70178,26.2647,0,,,,,,,,,,,,,,,0,,,,,,"Exp 5,1(1)",1.777459502,1.777459502,1.777459502,1.777459502,0,1.777459502,8.42385,8.42385,2.70178,2.70178,26.2647,26.2647,UP,1,0,0
R-DRE-6799198,Complex I biogenesis,23,35,2,2,1,2,2,1,2,0,0,6,35,4851,0.95781,1,1,0,,,,,,,,,,,,,,,,,,,,,,,,,,,,,,0,0,0,,,,,,,,,,,,,,,0,,,,,,,,,,,,,,,0,,,,,,,,,,,,,,,,,,,,,,
R-DRE-6804756,Regulation of TP53 Activity through Phosphorylation,4,60,1,1,1,1,1,1,1,1,1,5,59,4827,0.99785,0.071405,0.071405,1.67,58013,noc2l,ENSDARG00000001754,,782.504,782.504,782.504,,782.504,,326.76,326.76,326.76,,326.76,,1873.89,1873.89,1873.89,,1873.89,,,,,,782.504,326.76,1873.89,0,1,0,,,,,,,,,,,,,,,1,58013,ENSDARG00000001754,782.504,782.504,,326.76,326.76,,1873.89,1873.89,,782.504,326.76,1873.89,0,,,,,,"Linear,1(1)",4.149364471,4.149364471,4.149364471,4.149364471,0,4.149364471,782.504,782.504,326.76,326.76,1873.89,1873.89,DOWN,0,1,0
R-DRE-8852135,Protein ubiquitination,6,48,1,1,1,1,1,1,1,1,1,5,47,4839,0.99862,0.057475,0.057475,2.08,30678,pcna,ENSDARG00000054155,,9.99453,9.99453,9.99453,,9.99453,,8.46305,8.46305,8.46305,,8.46305,,11.8031,11.8031,11.8031,,11.8031,,,,,,9.99453,8.46305,11.8031,1,0,1,30678,ENSDARG00000054155,9.99453,9.99453,,8.46305,8.46305,,11.8031,11.8031,,9.99453,8.46305,11.8031,0,,,,,,,,,,,,,,,0,,,,,,"Hill,1(1)",1.873780012,1.873780012,1.873780012,1.873780012,0,1.873780012,9.99453,9.99453,8.46305,8.46305,11.8031,11.8031,UP,1,0,0
R-DRE-5696398,Nucleotide Excision Repair,12,74,1,1,1,1,1,1,1,1,1,5,73,4813,0.99674,0.08744,0.08744,1.35,30678,pcna,ENSDARG00000054155,,9.99453,9.99453,9.99453,,9.99453,,8.46305,8.46305,8.46305,,8.46305,,11.8031,11.8031,11.8031,,11.8031,,,,,,9.99453,8.46305,11.8031,1,0,1,30678,ENSDARG00000054155,9.99453,9.99453,,8.46305,8.46305,,11.8031,11.8031,,9.99453,8.46305,11.8031,0,,,,,,,,,,,,,,,0,,,,,,"Hill,1(1)",1.873780012,1.873780012,1.873780012,1.873780012,0,1.873780012,9.99453,9.99453,8.46305,8.46305,11.8031,11.8031,UP,1,0,0
R-DRE-5696399,Global Genome Nucleotide Excision Repair (GG-NER),9,54,1,1,1,1,1,1,1,1,1,5,53,4833,0.99826,0.064462,0.064462,1.85,30678,pcna,ENSDARG00000054155,,9.99453,9.99453,9.99453,,9.99453,,8.46305,8.46305,8.46305,,8.46305,,11.8031,11.8031,11.8031,,11.8031,,,,,,9.99453,8.46305,11.8031,1,0,1,30678,ENSDARG00000054155,9.99453,9.99453,,8.46305,8.46305,,11.8031,11.8031,,9.99453,8.46305,11.8031,0,,,,,,,,,,,,,,,0,,,,,,"Hill,1(1)",1.873780012,1.873780012,1.873780012,1.873780012,0,1.873780012,9.99453,9.99453,8.46305,8.46305,11.8031,11.8031,UP,1,0,0
R-DRE-5696400,Dual Incision in GG-NER,5,24,1,1,1,1,1,1,1,1,1,5,23,4863,0.99966,0.029092,0.029092,4.17,30678,pcna,ENSDARG00000054155,,9.99453,9.99453,9.99453,,9.99453,,8.46305,8.46305,8.46305,,8.46305,,11.8031,11.8031,11.8031,,11.8031,,,,,,9.99453,8.46305,11.8031,1,0,1,30678,ENSDARG00000054155,9.99453,9.99453,,8.46305,8.46305,,11.8031,11.8031,,9.99453,8.46305,11.8031,0,,,,,,,,,,,,,,,0,,,,,,"Hill,1(1)",1.873780012,1.873780012,1.873780012,1.873780012,0,1.873780012,9.99453,9.99453,8.46305,8.46305,11.8031,11.8031,UP,1,0,0
R-DRE-6781827,Transcription-Coupled Nucleotide Excision Repair (TC-NER),8,50,1,1,1,1,1,1,1,1,1,5,49,4837,0.9985,0.059809,0.059809,2,30678,pcna,ENSDARG00000054155,,9.99453,9.99453,9.99453,,9.99453,,8.46305,8.46305,8.46305,,8.46305,,11.8031,11.8031,11.8031,,11.8031,,,,,,9.99453,8.46305,11.8031,1,0,1,30678,ENSDARG00000054155,9.99453,9.99453,,8.46305,8.46305,,11.8031,11.8031,,9.99453,8.46305,11.8031,0,,,,,,,,,,,,,,,0,,,,,,"Hill,1(1)",1.873780012,1.873780012,1.873780012,1.873780012,0,1.873780012,9.99453,9.99453,8.46305,8.46305,11.8031,11.8031,UP,1,0,0
R-DRE-6782135,Dual incision in TC-NER,8,43,1,1,1,1,1,1,1,1,1,5,42,4844,0.99889,0.05162,0.05162,2.33,30678,pcna,ENSDARG00000054155,,9.99453,9.99453,9.99453,,9.99453,,8.46305,8.46305,8.46305,,8.46305,,11.8031,11.8031,11.8031,,11.8031,,,,,,9.99453,8.46305,11.8031,1,0,1,30678,ENSDARG00000054155,9.99453,9.99453,,8.46305,8.46305,,11.8031,11.8031,,9.99453,8.46305,11.8031,0,,,,,,,,,,,,,,,0,,,,,,"Hill,1(1)",1.873780012,1.873780012,1.873780012,1.873780012,0,1.873780012,9.99453,9.99453,8.46305,8.46305,11.8031,11.8031,UP,1,0,0
R-DRE-5688426,Deubiquitination,16,156,1,1,0,1,1,1,1,0,0,6,156,4730,0.8232,1,1,0,,,,,,,,,,,,,,,,,,,,,,,,,,,,,,0,0,0,,,,,,,,,,,,,,,0,,,,,,,,,,,,,,,0,,,,,,,,,,,,,,,,,,,,,,
R-DRE-5689880,Ub-specific processing proteases,12,119,1,1,0,1,1,1,1,0,0,6,119,4767,0.86257,1,1,0,,,,,,,,,,,,,,,,,,,,,,,,,,,,,,0,0,0,,,,,,,,,,,,,,,0,,,,,,,,,,,,,,,0,,,,,,,,,,,,,,,,,,,,,,
R-DRE-195721,Signaling by WNT,24,199,1,1,1,0,0,0,1,0,0,6,199,4687,0.77934,1,1,0,,,,,,,,,,,,,,,,,,,,,,,,,,,,,,0,0,0,,,,,,,,,,,,,,,0,,,,,,,,,,,,,,,0,,,,,,,,,,,,,,,,,,,,,,
R-DRE-3858494,Beta-catenin independent WNT signaling,14,92,1,1,1,0,0,0,1,0,0,6,92,4794,0.89228,1,1,0,,,,,,,,,,,,,,,,,,,,,,,,,,,,,,0,0,0,,,,,,,,,,,,,,,0,,,,,,,,,,,,,,,0,,,,,,,,,,,,,,,,,,,,,,
R-DRE-390522,Striated Muscle Contraction,14,25,1,0,0,1,1,0,1,0,0,6,25,4861,0.96971,1,1,0,,,,,,,,,,,,,,,,,,,,,,,,,,,,,,0,0,0,,,,,,,,,,,,,,,0,,,,,,,,,,,,,,,0,,,,,,,,,,,,,,,,,,,,,,
R-DRE-186797,Signaling by PDGF,3,30,1,1,1,1,1,1,1,1,1,5,29,4857,0.99946,0.036253,0.036253,3.33,567771,col6a2,ENSDARG00000061436,,8.42385,8.42385,8.42385,,8.42385,,2.70178,2.70178,2.70178,,2.70178,,26.2647,26.2647,26.2647,,26.2647,,,,,,8.42385,2.70178,26.2647,1,0,1,567771,ENSDARG00000061436,8.42385,8.42385,,2.70178,2.70178,,26.2647,26.2647,,8.42385,2.70178,26.2647,0,,,,,,,,,,,,,,,0,,,,,,"Exp 5,1(1)",1.777459502,1.777459502,1.777459502,1.777459502,0,1.777459502,8.42385,8.42385,2.70178,2.70178,26.2647,26.2647,UP,1,0,0
R-DRE-71288,Creatine metabolism,4,13,1,1,1,1,1,1,1,1,1,5,12,4874,0.9999,0.015847,0.015847,7.69,266799,gatm,ENSDARG00000036239,,408.814,408.814,408.814,,408.814,,244.841,244.841,244.841,,244.841,,682.602,682.602,682.602,,682.602,,0,408.814,,,408.814,244.841,682.602,1,0,1,266799,ENSDARG00000036239,408.814,408.814,,244.841,244.841,,682.602,682.602,,408.814,244.841,682.602,0,,,,,,,,,,,,,,,0,,,,,,"Linear,1(1)",3.11348772,3.11348772,3.11348772,3.11348772,0,3.11348772,408.814,408.814,244.841,244.841,682.602,682.602,UP,1,0,0
R-DRE-6806834,Signaling by MET,7,47,1,0,0,1,1,0,1,0,0,6,47,4839,0.94369,1,1,0,,,,,,,,,,,,,,,,,,,,,,,,,,,,,,0,0,0,,,,,,,,,,,,,,,0,,,,,,,,,,,,,,,0,,,,,,,,,,,,,,,,,,,,,,
R-DRE-1474290,Collagen formation,8,34,2,1,1,2,2,1,2,1,1,5,33,4853,0.99931,0.041003,0.041003,2.94,567771,col6a2,ENSDARG00000061436,,8.42385,8.42385,8.42385,,8.42385,,2.70178,2.70178,2.70178,,2.70178,,26.2647,26.2647,26.2647,,26.2647,,,,,,8.42385,2.70178,26.2647,1,0,1,567771,ENSDARG00000061436,8.42385,8.42385,,2.70178,2.70178,,26.2647,26.2647,,8.42385,2.70178,26.2647,0,,,,,,,,,,,,,,,0,,,,,,"Exp 5,1(1)",1.777459502,1.777459502,1.777459502,1.777459502,0,1.777459502,8.42385,8.42385,2.70178,2.70178,26.2647,26.2647,UP,1,0,0
R-DRE-1650814,Collagen biosynthesis and modifying enzymes,8,30,2,1,1,2,2,1,2,1,1,5,29,4857,0.99946,0.036253,0.036253,3.33,567771,col6a2,ENSDARG00000061436,,8.42385,8.42385,8.42385,,8.42385,,2.70178,2.70178,2.70178,,2.70178,,26.2647,26.2647,26.2647,,26.2647,,,,,,8.42385,2.70178,26.2647,1,0,1,567771,ENSDARG00000061436,8.42385,8.42385,,2.70178,2.70178,,26.2647,26.2647,,8.42385,2.70178,26.2647,0,,,,,,,,,,,,,,,0,,,,,,"Exp 5,1(1)",1.777459502,1.777459502,1.777459502,1.777459502,0,1.777459502,8.42385,8.42385,2.70178,2.70178,26.2647,26.2647,UP,1,0,0
R-DRE-157579,Telomere Maintenance,3,45,1,1,1,1,1,1,1,1,1,5,44,4842,0.99879,0.053965,0.053965,2.22,30678,pcna,ENSDARG00000054155,,9.99453,9.99453,9.99453,,9.99453,,8.46305,8.46305,8.46305,,8.46305,,11.8031,11.8031,11.8031,,11.8031,,,,,,9.99453,8.46305,11.8031,1,0,1,30678,ENSDARG00000054155,9.99453,9.99453,,8.46305,8.46305,,11.8031,11.8031,,9.99453,8.46305,11.8031,0,,,,,,,,,,,,,,,0,,,,,,"Hill,1(1)",1.873780012,1.873780012,1.873780012,1.873780012,0,1.873780012,9.99453,9.99453,8.46305,8.46305,11.8031,11.8031,UP,1,0,0
R-DRE-180786,Extension of Telomeres,1,28,1,1,1,1,1,1,1,1,1,5,27,4859,0.99953,0.033871,0.033871,3.57,30678,pcna,ENSDARG00000054155,,9.99453,9.99453,9.99453,,9.99453,,8.46305,8.46305,8.46305,,8.46305,,11.8031,11.8031,11.8031,,11.8031,,,,,,9.99453,8.46305,11.8031,1,0,1,30678,ENSDARG00000054155,9.99453,9.99453,,8.46305,8.46305,,11.8031,11.8031,,9.99453,8.46305,11.8031,0,,,,,,,,,,,,,,,0,,,,,,"Hill,1(1)",1.873780012,1.873780012,1.873780012,1.873780012,0,1.873780012,9.99453,9.99453,8.46305,8.46305,11.8031,11.8031,UP,1,0,0
R-DRE-73886,Chromosome Maintenance,3,63,1,1,1,1,1,1,1,1,1,5,62,4824,0.99763,0.074861,0.074861,1.59,30678,pcna,ENSDARG00000054155,,9.99453,9.99453,9.99453,,9.99453,,8.46305,8.46305,8.46305,,8.46305,,11.8031,11.8031,11.8031,,11.8031,,,,,,9.99453,8.46305,11.8031,1,0,1,30678,ENSDARG00000054155,9.99453,9.99453,,8.46305,8.46305,,11.8031,11.8031,,9.99453,8.46305,11.8031,0,,,,,,,,,,,,,,,0,,,,,,"Hill,1(1)",1.873780012,1.873780012,1.873780012,1.873780012,0,1.873780012,9.99453,9.99453,8.46305,8.46305,11.8031,11.8031,UP,1,0,0
R-DRE-72203,Processing of Capped Intron-Containing Pre-mRNA,4,157,1,0,0,1,1,1,1,0,0,6,157,4729,0.82216,1,1,0,,,,,,,,,,,,,,,,,,,,,,,,,,,,,,0,0,0,,,,,,,,,,,,,,,0,,,,,,,,,,,,,,,0,,,,,,,,,,,,,,,,,,,,,,
R-DRE-9006936,Signaling by TGFB family members,6,55,1,1,0,0,0,0,1,0,0,6,55,4831,0.93438,1,1,0,,,,,,,,,,,,,,,,,,,,,,,,,,,,,,0,0,0,,,,,,,,,,,,,,,0,,,,,,,,,,,,,,,0,,,,,,,,,,,,,,,,,,,,,,
R-DRE-159418,Recycling of bile acids and salts,1,6,1,1,1,1,1,1,1,1,1,5,5,4881,0.99998,0.0073402,0.0073402,16.67,415166,fabp6,ENSDARG00000044566,,412.941,412.941,412.941,,412.941,,246.554,246.554,246.554,,246.554,,691.615,691.615,691.615,,691.615,,0,412.941,0,412.941,412.941,246.554,691.615,1,0,1,415166,ENSDARG00000044566,412.941,412.941,,246.554,246.554,,691.615,691.615,,412.941,246.554,691.615,0,,,,,,,,,,,,,,,0,,,,,,"Linear,1(1)",1.632003188,1.632003188,1.632003188,1.632003188,0,1.632003188,412.941,412.941,246.554,246.554,691.615,691.615,UP,1,0,0
R-DRE-194068,Bile acid and bile salt metabolism,2,21,1,1,1,1,1,1,1,1,1,5,20,4866,0.99974,0.025494,0.025494,4.76,415166,fabp6,ENSDARG00000044566,,412.941,412.941,412.941,,412.941,,246.554,246.554,246.554,,246.554,,691.615,691.615,691.615,,691.615,,,,,,412.941,246.554,691.615,1,0,1,415166,ENSDARG00000044566,412.941,412.941,,246.554,246.554,,691.615,691.615,,412.941,246.554,691.615,0,,,,,,,,,,,,,,,0,,,,,,"Linear,1(1)",1.632003188,1.632003188,1.632003188,1.632003188,0,1.632003188,412.941,412.941,246.554,246.554,691.615,691.615,UP,1,0,0
R-DRE-8957322,Metabolism of steroids,4,62,1,1,1,1,1,1,1,1,1,5,61,4825,0.99771,0.07371,0.07371,1.61,415166,fabp6,ENSDARG00000044566,,412.941,412.941,412.941,,412.941,,246.554,246.554,246.554,,246.554,,691.615,691.615,691.615,,691.615,,,,,,412.941,246.554,691.615,1,0,1,415166,ENSDARG00000044566,412.941,412.941,,246.554,246.554,,691.615,691.615,,412.941,246.554,691.615,0,,,,,,,,,,,,,,,0,,,,,,"Linear,1(1)",1.632003188,1.632003188,1.632003188,1.632003188,0,1.632003188,412.941,412.941,246.554,246.554,691.615,691.615,UP,1,0,0
R-DRE-6791312,TP53 Regulates Transcription of Cell Cycle Genes,3,27,1,1,1,1,1,1,1,1,1,5,26,4860,0.99957,0.032678,0.032678,3.7,30678,pcna,ENSDARG00000054155,,9.99453,9.99453,9.99453,,9.99453,,8.46305,8.46305,8.46305,,8.46305,,11.8031,11.8031,11.8031,,11.8031,,,,,,9.99453,8.46305,11.8031,1,0,1,30678,ENSDARG00000054155,9.99453,9.99453,,8.46305,8.46305,,11.8031,11.8031,,9.99453,8.46305,11.8031,0,,,,,,,,,,,,,,,0,,,,,,"Hill,1(1)",1.873780012,1.873780012,1.873780012,1.873780012,0,1.873780012,9.99453,9.99453,8.46305,8.46305,11.8031,11.8031,UP,1,0,0
R-DRE-6804114,TP53 Regulates Transcription of Genes Involved in G2 Cell Cycle Arrest,3,6,1,1,1,1,1,1,1,1,1,5,5,4881,0.99998,0.0073402,0.0073402,16.67,30678,pcna,ENSDARG00000054155,,9.99453,9.99453,9.99453,,9.99453,,8.46305,8.46305,8.46305,,8.46305,,11.8031,11.8031,11.8031,,11.8031,,0,9.99453,0,9.99453,9.99453,8.46305,11.8031,1,0,1,30678,ENSDARG00000054155,9.99453,9.99453,,8.46305,8.46305,,11.8031,11.8031,,9.99453,8.46305,11.8031,0,,,,,,,,,,,,,,,0,,,,,,"Hill,1(1)",1.873780012,1.873780012,1.873780012,1.873780012,0,1.873780012,9.99453,9.99453,8.46305,8.46305,11.8031,11.8031,UP,1,0,0
R-DRE-2168880,Scavenging of heme from plasma,4,15,1,1,1,1,1,1,1,1,1,5,14,4872,0.99987,0.018266,0.018266,6.67,793447,hbbe1.2,ENSDARG00000115405,,432.901,432.901,432.901,,432.901,,253.739,253.739,253.739,,253.739,,738.565,738.565,738.565,,738.565,,0,432.901,,,432.901,253.739,738.565,1,0,1,793447,ENSDARG00000115405,432.901,432.901,,253.739,253.739,,738.565,738.565,,432.901,253.739,738.565,0,,,,,,,,,,,,,,,0,,,,,,"Linear,1(1)",1.915955067,1.915955067,1.915955067,1.915955067,0,1.915955067,432.901,432.901,253.739,253.739,738.565,738.565,UP,1,0,0
R-DRE-2173782,Binding and Uptake of Ligands by Scavenger Receptors,5,23,1,1,1,1,1,1,1,1,1,5,22,4864,0.99969,0.027894,0.027894,4.35,793447,hbbe1.2,ENSDARG00000115405,,432.901,432.901,432.901,,432.901,,253.739,253.739,253.739,,253.739,,738.565,738.565,738.565,,738.565,,,,,,432.901,253.739,738.565,1,0,1,793447,ENSDARG00000115405,432.901,432.901,,253.739,253.739,,738.565,738.565,,432.901,253.739,738.565,0,,,,,,,,,,,,,,,0,,,,,,"Linear,1(1)",1.915955067,1.915955067,1.915955067,1.915955067,0,1.915955067,432.901,432.901,253.739,253.739,738.565,738.565,UP,1,0,0
R-DRE-2990846,SUMOylation,3,123,1,1,1,1,1,1,1,1,1,5,122,4764,0.9912,0.14176,0.14176,0.81,30678,pcna,ENSDARG00000054155,,9.99453,9.99453,9.99453,,9.99453,,8.46305,8.46305,8.46305,,8.46305,,11.8031,11.8031,11.8031,,11.8031,,,,,,9.99453,8.46305,11.8031,1,0,1,30678,ENSDARG00000054155,9.99453,9.99453,,8.46305,8.46305,,11.8031,11.8031,,9.99453,8.46305,11.8031,0,,,,,,,,,,,,,,,0,,,,,,"Hill,1(1)",1.873780012,1.873780012,1.873780012,1.873780012,0,1.873780012,9.99453,9.99453,8.46305,8.46305,11.8031,11.8031,UP,1,0,0
R-DRE-3108232,SUMO E3 ligases SUMOylate target proteins,3,117,1,1,1,1,1,1,1,1,1,5,116,4770,0.99201,0.13525,0.13525,0.85,30678,pcna,ENSDARG00000054155,,9.99453,9.99453,9.99453,,9.99453,,8.46305,8.46305,8.46305,,8.46305,,11.8031,11.8031,11.8031,,11.8031,,,,,,9.99453,8.46305,11.8031,1,0,1,30678,ENSDARG00000054155,9.99453,9.99453,,8.46305,8.46305,,11.8031,11.8031,,9.99453,8.46305,11.8031,0,,,,,,,,,,,,,,,0,,,,,,"Hill,1(1)",1.873780012,1.873780012,1.873780012,1.873780012,0,1.873780012,9.99453,9.99453,8.46305,8.46305,11.8031,11.8031,UP,1,0,0
R-DRE-216083,Integrin cell surface interactions,4,30,1,1,1,1,1,1,1,1,1,5,29,4857,0.99946,0.036253,0.036253,3.33,567771,col6a2,ENSDARG00000061436,,8.42385,8.42385,8.42385,,8.42385,,2.70178,2.70178,2.70178,,2.70178,,26.2647,26.2647,26.2647,,26.2647,,,,,,8.42385,2.70178,26.2647,1,0,1,567771,ENSDARG00000061436,8.42385,8.42385,,2.70178,2.70178,,26.2647,26.2647,,8.42385,2.70178,26.2647,0,,,,,,,,,,,,,,,0,,,,,,"Exp 5,1(1)",1.777459502,1.777459502,1.777459502,1.777459502,0,1.777459502,8.42385,8.42385,2.70178,2.70178,26.2647,26.2647,UP,1,0,0
R-DRE-3000178,ECM proteoglycans,6,20,1,1,1,1,1,1,1,1,1,5,19,4867,0.99976,0.024293,0.024293,5,567771,col6a2,ENSDARG00000061436,,8.42385,8.42385,8.42385,,8.42385,,2.70178,2.70178,2.70178,,2.70178,,26.2647,26.2647,26.2647,,26.2647,,0,8.42385,,,8.42385,2.70178,26.2647,1,0,1,567771,ENSDARG00000061436,8.42385,8.42385,,2.70178,2.70178,,26.2647,26.2647,,8.42385,2.70178,26.2647,0,,,,,,,,,,,,,,,0,,,,,,"Exp 5,1(1)",1.777459502,1.777459502,1.777459502,1.777459502,0,1.777459502,8.42385,8.42385,2.70178,2.70178,26.2647,26.2647,UP,1,0,0
R-DRE-8874081,MET activates PTK2 signaling,4,16,1,0,0,1,1,0,1,0,0,6,16,4870,0.98053,1,1,0,,,,,,,,,,,,,,,,,,,,,,,,,,,,,,0,0,0,,,,,,,,,,,,,,,0,,,,,,,,,,,,,,,0,,,,,,,,,,,,,,,,,,,,,,
R-DRE-8875878,MET promotes cell motility,4,24,1,0,0,1,1,0,1,0,0,6,24,4862,0.97091,1,1,0,,,,,,,,,,,,,,,,,,,,,,,,,,,,,,0,0,0,,,,,,,,,,,,,,,0,,,,,,,,,,,,,,,0,,,,,,,,,,,,,,,,,,,,,,
R-DRE-72165,mRNA Splicing - Minor Pathway,4,43,1,0,0,1,1,1,1,0,0,6,43,4843,0.94838,1,1,0,,,,,,,,,,,,,,,,,,,,,,,,,,,,,,0,0,0,,,,,,,,,,,,,,,0,,,,,,,,,,,,,,,0,,,,,,,,,,,,,,,,,,,,,,
R-DRE-72172,mRNA Splicing,4,127,1,0,0,1,1,1,1,0,0,6,127,4759,0.85393,1,1,0,,,,,,,,,,,,,,,,,,,,,,,,,,,,,,0,0,0,,,,,,,,,,,,,,,0,,,,,,,,,,,,,,,0,,,,,,,,,,,,,,,,,,,,,,
R-DRE-72163,mRNA Splicing - Major Pathway,4,120,1,0,0,1,1,1,1,0,0,6,120,4766,0.86149,1,1,0,,,,,,,,,,,,,,,,,,,,,,,,,,,,,,0,0,0,,,,,,,,,,,,,,,0,,,,,,,,,,,,,,,0,,,,,,,,,,,,,,,,,,,,,,
R-DRE-4086400,PCP/CE pathway,12,66,1,1,1,0,0,0,1,0,0,6,66,4820,0.92169,1,1,0,,,,,,,,,,,,,,,,,,,,,,,,,,,,,,0,0,0,,,,,,,,,,,,,,,0,,,,,,,,,,,,,,,0,,,,,,,,,,,,,,,,,,,,,,
R-DRE-1852241,Organelle biogenesis and maintenance,22,121,1,1,1,0,0,0,1,0,0,6,121,4765,0.86041,1,1,0,,,,,,,,,,,,,,,,,,,,,,,,,,,,,,0,0,0,,,,,,,,,,,,,,,0,,,,,,,,,,,,,,,0,,,,,,,,,,,,,,,,,,,,,,
R-DRE-73884,Base Excision Repair,2,38,1,1,1,1,1,1,1,1,1,5,37,4849,0.99914,0.045734,0.045734,2.63,30678,pcna,ENSDARG00000054155,,9.99453,9.99453,9.99453,,9.99453,,8.46305,8.46305,8.46305,,8.46305,,11.8031,11.8031,11.8031,,11.8031,,,,,,9.99453,8.46305,11.8031,1,0,1,30678,ENSDARG00000054155,9.99453,9.99453,,8.46305,8.46305,,11.8031,11.8031,,9.99453,8.46305,11.8031,0,,,,,,,,,,,,,,,0,,,,,,"Hill,1(1)",1.873780012,1.873780012,1.873780012,1.873780012,0,1.873780012,9.99453,9.99453,8.46305,8.46305,11.8031,11.8031,UP,1,0,0
R-DRE-73933,Resolution of Abasic Sites (AP sites),1,19,1,1,1,1,1,1,1,1,1,5,18,4868,0.99979,0.02309,0.02309,5.26,30678,pcna,ENSDARG00000054155,,9.99453,9.99453,9.99453,,9.99453,,8.46305,8.46305,8.46305,,8.46305,,11.8031,11.8031,11.8031,,11.8031,,0,9.99453,,,9.99453,8.46305,11.8031,1,0,1,30678,ENSDARG00000054155,9.99453,9.99453,,8.46305,8.46305,,11.8031,11.8031,,9.99453,8.46305,11.8031,0,,,,,,,,,,,,,,,0,,,,,,"Hill,1(1)",1.873780012,1.873780012,1.873780012,1.873780012,0,1.873780012,9.99453,9.99453,8.46305,8.46305,11.8031,11.8031,UP,1,0,0
R-DRE-6805567,Keratinization,11,24,1,0,0,1,1,1,1,0,0,6,24,4862,0.97091,1,1,0,,,,,,,,,,,,,,,,,,,,,,,,,,,,,,0,0,0,,,,,,,,,,,,,,,0,,,,,,,,,,,,,,,0,,,,,,,,,,,,,,,,,,,,,,
R-DRE-6809371,Formation of the cornified envelope,11,24,1,0,0,1,1,1,1,0,0,6,24,4862,0.97091,1,1,0,,,,,,,,,,,,,,,,,,,,,,,,,,,,,,0,0,0,,,,,,,,,,,,,,,0,,,,,,,,,,,,,,,0,,,,,,,,,,,,,,,,,,,,,,
R-DRE-8866654,E3 ubiquitin ligases ubiquitinate target proteins,6,30,1,1,1,1,1,1,1,1,1,5,29,4857,0.99946,0.036253,0.036253,3.33,30678,pcna,ENSDARG00000054155,,9.99453,9.99453,9.99453,,9.99453,,8.46305,8.46305,8.46305,,8.46305,,11.8031,11.8031,11.8031,,11.8031,,,,,,9.99453,8.46305,11.8031,1,0,1,30678,ENSDARG00000054155,9.99453,9.99453,,8.46305,8.46305,,11.8031,11.8031,,9.99453,8.46305,11.8031,0,,,,,,,,,,,,,,,0,,,,,,"Hill,1(1)",1.873780012,1.873780012,1.873780012,1.873780012,0,1.873780012,9.99453,9.99453,8.46305,8.46305,11.8031,11.8031,UP,1,0,0
R-DRE-1268020,Mitochondrial protein import,5,15,1,1,1,0,0,0,1,0,0,6,15,4871,0.98173,1,1,0,,,,,,,,,,,,,,,,,,,,,,,,,,,,,,0,0,0,,,,,,,,,,,,,,,0,,,,,,,,,,,,,,,0,,,,,,,,,,,,,,,,,,,,,,
R-DRE-110313,Translesion synthesis by Y family DNA polymerases bypasses lesions on DNA template,5,20,1,1,1,1,1,1,1,1,1,5,19,4867,0.99976,0.024293,0.024293,5,30678,pcna,ENSDARG00000054155,,9.99453,9.99453,9.99453,,9.99453,,8.46305,8.46305,8.46305,,8.46305,,11.8031,11.8031,11.8031,,11.8031,,0,9.99453,,,9.99453,8.46305,11.8031,1,0,1,30678,ENSDARG00000054155,9.99453,9.99453,,8.46305,8.46305,,11.8031,11.8031,,9.99453,8.46305,11.8031,0,,,,,,,,,,,,,,,0,,,,,,"Hill,1(1)",1.873780012,1.873780012,1.873780012,1.873780012,0,1.873780012,9.99453,9.99453,8.46305,8.46305,11.8031,11.8031,UP,1,0,0
R-DRE-5656169,Termination of translesion DNA synthesis,4,15,1,1,1,1,1,1,1,1,1,5,14,4872,0.99987,0.018266,0.018266,6.67,30678,pcna,ENSDARG00000054155,,9.99453,9.99453,9.99453,,9.99453,,8.46305,8.46305,8.46305,,8.46305,,11.8031,11.8031,11.8031,,11.8031,,0,9.99453,,,9.99453,8.46305,11.8031,1,0,1,30678,ENSDARG00000054155,9.99453,9.99453,,8.46305,8.46305,,11.8031,11.8031,,9.99453,8.46305,11.8031,0,,,,,,,,,,,,,,,0,,,,,,"Hill,1(1)",1.873780012,1.873780012,1.873780012,1.873780012,0,1.873780012,9.99453,9.99453,8.46305,8.46305,11.8031,11.8031,UP,1,0,0
R-DRE-73893,DNA Damage Bypass,6,25,1,1,1,1,1,1,1,1,1,5,24,4862,0.99963,0.030289,0.030289,4,30678,pcna,ENSDARG00000054155,,9.99453,9.99453,9.99453,,9.99453,,8.46305,8.46305,8.46305,,8.46305,,11.8031,11.8031,11.8031,,11.8031,,,,,,9.99453,8.46305,11.8031,1,0,1,30678,ENSDARG00000054155,9.99453,9.99453,,8.46305,8.46305,,11.8031,11.8031,,9.99453,8.46305,11.8031,0,,,,,,,,,,,,,,,0,,,,,,"Hill,1(1)",1.873780012,1.873780012,1.873780012,1.873780012,0,1.873780012,9.99453,9.99453,8.46305,8.46305,11.8031,11.8031,UP,1,0,0
R-DRE-174411,Polymerase switching on the C-strand of the telomere,1,15,1,1,1,1,1,1,1,1,1,5,14,4872,0.99987,0.018266,0.018266,6.67,30678,pcna,ENSDARG00000054155,,9.99453,9.99453,9.99453,,9.99453,,8.46305,8.46305,8.46305,,8.46305,,11.8031,11.8031,11.8031,,11.8031,,0,9.99453,,,9.99453,8.46305,11.8031,1,0,1,30678,ENSDARG00000054155,9.99453,9.99453,,8.46305,8.46305,,11.8031,11.8031,,9.99453,8.46305,11.8031,0,,,,,,,,,,,,,,,0,,,,,,"Hill,1(1)",1.873780012,1.873780012,1.873780012,1.873780012,0,1.873780012,9.99453,9.99453,8.46305,8.46305,11.8031,11.8031,UP,1,0,0
R-DRE-174417,Telomere C-strand (Lagging Strand) Synthesis,1,19,1,1,1,1,1,1,1,1,1,5,18,4868,0.99979,0.02309,0.02309,5.26,30678,pcna,ENSDARG00000054155,,9.99453,9.99453,9.99453,,9.99453,,8.46305,8.46305,8.46305,,8.46305,,11.8031,11.8031,11.8031,,11.8031,,0,9.99453,,,9.99453,8.46305,11.8031,1,0,1,30678,ENSDARG00000054155,9.99453,9.99453,,8.46305,8.46305,,11.8031,11.8031,,9.99453,8.46305,11.8031,0,,,,,,,,,,,,,,,0,,,,,,"Hill,1(1)",1.873780012,1.873780012,1.873780012,1.873780012,0,1.873780012,9.99453,9.99453,8.46305,8.46305,11.8031,11.8031,UP,1,0,0
R-DRE-6782210,Gap-filling DNA repair synthesis and ligation in TC-NER,8,44,1,1,1,1,1,1,1,1,1,5,43,4843,0.99884,0.052793,0.052793,2.27,30678,pcna,ENSDARG00000054155,,9.99453,9.99453,9.99453,,9.99453,,8.46305,8.46305,8.46305,,8.46305,,11.8031,11.8031,11.8031,,11.8031,,,,,,9.99453,8.46305,11.8031,1,0,1,30678,ENSDARG00000054155,9.99453,9.99453,,8.46305,8.46305,,11.8031,11.8031,,9.99453,8.46305,11.8031,0,,,,,,,,,,,,,,,0,,,,,,"Hill,1(1)",1.873780012,1.873780012,1.873780012,1.873780012,0,1.873780012,9.99453,9.99453,8.46305,8.46305,11.8031,11.8031,UP,1,0,0
R-DRE-1442490,Collagen degradation,7,16,1,1,1,1,1,1,1,1,1,5,15,4871,0.99985,0.019474,0.019474,6.25,567771,col6a2,ENSDARG00000061436,,8.42385,8.42385,8.42385,,8.42385,,2.70178,2.70178,2.70178,,2.70178,,26.2647,26.2647,26.2647,,26.2647,,0,8.42385,,,8.42385,2.70178,26.2647,1,0,1,567771,ENSDARG00000061436,8.42385,8.42385,,2.70178,2.70178,,26.2647,26.2647,,8.42385,2.70178,26.2647,0,,,,,,,,,,,,,,,0,,,,,,"Exp 5,1(1)",1.777459502,1.777459502,1.777459502,1.777459502,0,1.777459502,8.42385,8.42385,2.70178,2.70178,26.2647,26.2647,UP,1,0,0
R-DRE-110373,Resolution of AP sites via the multiple-nucleotide patch replacement pathway,1,12,1,1,1,1,1,1,1,1,1,5,11,4875,0.99992,0.014635,0.014635,8.33,30678,pcna,ENSDARG00000054155,,9.99453,9.99453,9.99453,,9.99453,,8.46305,8.46305,8.46305,,8.46305,,11.8031,11.8031,11.8031,,11.8031,,0,9.99453,,,9.99453,8.46305,11.8031,1,0,1,30678,ENSDARG00000054155,9.99453,9.99453,,8.46305,8.46305,,11.8031,11.8031,,9.99453,8.46305,11.8031,0,,,,,,,,,,,,,,,0,,,,,,"Hill,1(1)",1.873780012,1.873780012,1.873780012,1.873780012,0,1.873780012,9.99453,9.99453,8.46305,8.46305,11.8031,11.8031,UP,1,0,0
R-DRE-69239,Synthesis of DNA,12,81,1,1,1,1,1,1,1,1,1,5,80,4806,0.99611,0.09537,0.09537,1.23,30678,pcna,ENSDARG00000054155,,9.99453,9.99453,9.99453,,9.99453,,8.46305,8.46305,8.46305,,8.46305,,11.8031,11.8031,11.8031,,11.8031,,,,,,9.99453,8.46305,11.8031,1,0,1,30678,ENSDARG00000054155,9.99453,9.99453,,8.46305,8.46305,,11.8031,11.8031,,9.99453,8.46305,11.8031,0,,,,,,,,,,,,,,,0,,,,,,"Hill,1(1)",1.873780012,1.873780012,1.873780012,1.873780012,0,1.873780012,9.99453,9.99453,8.46305,8.46305,11.8031,11.8031,UP,1,0,0
R-DRE-69306,DNA Replication,12,87,1,1,1,1,1,1,1,1,1,5,86,4800,0.99552,0.10212,0.10212,1.15,30678,pcna,ENSDARG00000054155,,9.99453,9.99453,9.99453,,9.99453,,8.46305,8.46305,8.46305,,8.46305,,11.8031,11.8031,11.8031,,11.8031,,,,,,9.99453,8.46305,11.8031,1,0,1,30678,ENSDARG00000054155,9.99453,9.99453,,8.46305,8.46305,,11.8031,11.8031,,9.99453,8.46305,11.8031,0,,,,,,,,,,,,,,,0,,,,,,"Hill,1(1)",1.873780012,1.873780012,1.873780012,1.873780012,0,1.873780012,9.99453,9.99453,8.46305,8.46305,11.8031,11.8031,UP,1,0,0
R-DRE-2022090,Assembly of collagen fibrils and other multimeric structures,7,18,2,1,1,2,2,1,2,1,1,5,17,4869,0.99981,0.021886,0.021886,5.56,567771,col6a2,ENSDARG00000061436,,8.42385,8.42385,8.42385,,8.42385,,2.70178,2.70178,2.70178,,2.70178,,26.2647,26.2647,26.2647,,26.2647,,0,8.42385,,,8.42385,2.70178,26.2647,1,0,1,567771,ENSDARG00000061436,8.42385,8.42385,,2.70178,2.70178,,26.2647,26.2647,,8.42385,2.70178,26.2647,0,,,,,,,,,,,,,,,0,,,,,,"Exp 5,1(1)",1.777459502,1.777459502,1.777459502,1.777459502,0,1.777459502,8.42385,8.42385,2.70178,2.70178,26.2647,26.2647,UP,1,0,0
R-DRE-201451,Signaling by BMP,2,17,1,1,0,0,0,0,1,0,0,6,17,4869,0.97932,1,1,0,,,,,,,,,,,,,,,,,,,,,,,,,,,,,,0,0,0,,,,,,,,,,,,,,,0,,,,,,,,,,,,,,,0,,,,,,,,,,,,,,,,,,,,,,
R-DRE-8979227,Triglyceride metabolism,5,13,1,1,1,1,1,1,1,1,1,5,12,4874,0.9999,0.015847,0.015847,7.69,415166,fabp6,ENSDARG00000044566,,412.941,412.941,412.941,,412.941,,246.554,246.554,246.554,,246.554,,691.615,691.615,691.615,,691.615,,0,412.941,,,412.941,246.554,691.615,1,0,1,415166,ENSDARG00000044566,412.941,412.941,,246.554,246.554,,691.615,691.615,,412.941,246.554,691.615,0,,,,,,,,,,,,,,,0,,,,,,"Linear,1(1)",1.632003188,1.632003188,1.632003188,1.632003188,0,1.632003188,412.941,412.941,246.554,246.554,691.615,691.615,UP,1,0,0
R-DRE-5685942,HDR through Homologous Recombination (HRR),4,37,1,1,1,1,1,1,1,1,1,5,36,4850,0.99918,0.044553,0.044553,2.7,30678,pcna,ENSDARG00000054155,,9.99453,9.99453,9.99453,,9.99453,,8.46305,8.46305,8.46305,,8.46305,,11.8031,11.8031,11.8031,,11.8031,,,,,,9.99453,8.46305,11.8031,1,0,1,30678,ENSDARG00000054155,9.99453,9.99453,,8.46305,8.46305,,11.8031,11.8031,,9.99453,8.46305,11.8031,0,,,,,,,,,,,,,,,0,,,,,,"Hill,1(1)",1.873780012,1.873780012,1.873780012,1.873780012,0,1.873780012,9.99453,9.99453,8.46305,8.46305,11.8031,11.8031,UP,1,0,0
R-DRE-5358508,Mismatch Repair,1,7,1,1,1,1,1,1,1,1,1,5,6,4880,0.99997,0.0085592,0.0085592,14.29,30678,pcna,ENSDARG00000054155,,9.99453,9.99453,9.99453,,9.99453,,8.46305,8.46305,8.46305,,8.46305,,11.8031,11.8031,11.8031,,11.8031,,0,9.99453,0,9.99453,9.99453,8.46305,11.8031,1,0,1,30678,ENSDARG00000054155,9.99453,9.99453,,8.46305,8.46305,,11.8031,11.8031,,9.99453,8.46305,11.8031,0,,,,,,,,,,,,,,,0,,,,,,"Hill,1(1)",1.873780012,1.873780012,1.873780012,1.873780012,0,1.873780012,9.99453,9.99453,8.46305,8.46305,11.8031,11.8031,UP,1,0,0
R-DRE-5358565,Mismatch repair (MMR) directed by MSH2:MSH6 (MutSalpha),1,6,1,1,1,1,1,1,1,1,1,5,5,4881,0.99998,0.0073402,0.0073402,16.67,30678,pcna,ENSDARG00000054155,,9.99453,9.99453,9.99453,,9.99453,,8.46305,8.46305,8.46305,,8.46305,,11.8031,11.8031,11.8031,,11.8031,,0,9.99453,0,9.99453,9.99453,8.46305,11.8031,1,0,1,30678,ENSDARG00000054155,9.99453,9.99453,,8.46305,8.46305,,11.8031,11.8031,,9.99453,8.46305,11.8031,0,,,,,,,,,,,,,,,0,,,,,,"Hill,1(1)",1.873780012,1.873780012,1.873780012,1.873780012,0,1.873780012,9.99453,9.99453,8.46305,8.46305,11.8031,11.8031,UP,1,0,0
R-DRE-110314,Recognition of DNA damage by PCNA-containing replication complex,5,16,1,1,1,1,1,1,1,1,1,5,15,4871,0.99985,0.019474,0.019474,6.25,30678,pcna,ENSDARG00000054155,,9.99453,9.99453,9.99453,,9.99453,,8.46305,8.46305,8.46305,,8.46305,,11.8031,11.8031,11.8031,,11.8031,,0,9.99453,,,9.99453,8.46305,11.8031,1,0,1,30678,ENSDARG00000054155,9.99453,9.99453,,8.46305,8.46305,,11.8031,11.8031,,9.99453,8.46305,11.8031,0,,,,,,,,,,,,,,,0,,,,,,"Hill,1(1)",1.873780012,1.873780012,1.873780012,1.873780012,0,1.873780012,9.99453,9.99453,8.46305,8.46305,11.8031,11.8031,UP,1,0,0
R-DRE-5651801,PCNA-Dependent Long Patch Base Excision Repair,1,9,1,1,1,1,1,1,1,1,1,5,8,4878,0.99996,0.010993,0.010993,11.11,30678,pcna,ENSDARG00000054155,,9.99453,9.99453,9.99453,,9.99453,,8.46305,8.46305,8.46305,,8.46305,,11.8031,11.8031,11.8031,,11.8031,,0,9.99453,0,9.99453,9.99453,8.46305,11.8031,1,0,1,30678,ENSDARG00000054155,9.99453,9.99453,,8.46305,8.46305,,11.8031,11.8031,,9.99453,8.46305,11.8031,0,,,,,,,,,,,,,,,0,,,,,,"Hill,1(1)",1.873780012,1.873780012,1.873780012,1.873780012,0,1.873780012,9.99453,9.99453,8.46305,8.46305,11.8031,11.8031,UP,1,0,0
R-DRE-5696397,Gap-filling DNA repair synthesis and ligation in GG-NER,4,12,1,1,1,1,1,1,1,1,1,5,11,4875,0.99992,0.014635,0.014635,8.33,30678,pcna,ENSDARG00000054155,,9.99453,9.99453,9.99453,,9.99453,,8.46305,8.46305,8.46305,,8.46305,,11.8031,11.8031,11.8031,,11.8031,,0,9.99453,,,9.99453,8.46305,11.8031,1,0,1,30678,ENSDARG00000054155,9.99453,9.99453,,8.46305,8.46305,,11.8031,11.8031,,9.99453,8.46305,11.8031,0,,,,,,,,,,,,,,,0,,,,,,"Hill,1(1)",1.873780012,1.873780012,1.873780012,1.873780012,0,1.873780012,9.99453,9.99453,8.46305,8.46305,11.8031,11.8031,UP,1,0,0
R-DRE-1592230,Mitochondrial biogenesis,15,22,1,1,1,0,0,0,1,0,0,6,22,4864,0.97331,1,1,0,,,,,,,,,,,,,,,,,,,,,,,,,,,,,,0,0,0,,,,,,,,,,,,,,,0,,,,,,,,,,,,,,,0,,,,,,,,,,,,,,,,,,,,,,
R-DRE-1237044,Erythrocytes take up carbon dioxide and release oxygen,3,11,1,1,1,1,1,1,1,1,1,5,10,4876,0.99993,0.013423,0.013423,9.09,793447,hbbe1.2,ENSDARG00000115405,,432.901,432.901,432.901,,432.901,,253.739,253.739,253.739,,253.739,,738.565,738.565,738.565,,738.565,,0,432.901,,,432.901,253.739,738.565,1,0,1,793447,ENSDARG00000115405,432.901,432.901,,253.739,253.739,,738.565,738.565,,432.901,253.739,738.565,0,,,,,,,,,,,,,,,0,,,,,,"Linear,1(1)",1.915955067,1.915955067,1.915955067,1.915955067,0,1.915955067,432.901,432.901,253.739,253.739,738.565,738.565,UP,1,0,0
R-DRE-1247673,Erythrocytes take up oxygen and release carbon dioxide,3,9,1,1,1,1,1,1,1,1,1,5,8,4878,0.99996,0.010993,0.010993,11.11,793447,hbbe1.2,ENSDARG00000115405,,432.901,432.901,432.901,,432.901,,253.739,253.739,253.739,,253.739,,738.565,738.565,738.565,,738.565,,0,432.901,0,432.901,432.901,253.739,738.565,1,0,1,793447,ENSDARG00000115405,432.901,432.901,,253.739,253.739,,738.565,738.565,,432.901,253.739,738.565,0,,,,,,,,,,,,,,,0,,,,,,"Linear,1(1)",1.915955067,1.915955067,1.915955067,1.915955067,0,1.915955067,432.901,432.901,253.739,253.739,738.565,738.565,UP,1,0,0
R-DRE-1480926,O2/CO2 exchange in erythrocytes,3,11,1,1,1,1,1,1,1,1,1,5,10,4876,0.99993,0.013423,0.013423,9.09,793447,hbbe1.2,ENSDARG00000115405,,432.901,432.901,432.901,,432.901,,253.739,253.739,253.739,,253.739,,738.565,738.565,738.565,,738.565,,0,432.901,,,432.901,253.739,738.565,1,0,1,793447,ENSDARG00000115405,432.901,432.901,,253.739,253.739,,738.565,738.565,,432.901,253.739,738.565,0,,,,,,,,,,,,,,,0,,,,,,"Linear,1(1)",1.915955067,1.915955067,1.915955067,1.915955067,0,1.915955067,432.901,432.901,253.739,253.739,738.565,738.565,UP,1,0,0
R-DRE-9707616,Heme signaling,4,9,1,1,1,1,1,1,1,1,1,5,8,4878,0.99996,0.010993,0.010993,11.11,793447,hbbe1.2,ENSDARG00000115405,,432.901,432.901,432.901,,432.901,,253.739,253.739,253.739,,253.739,,738.565,738.565,738.565,,738.565,,0,432.901,0,432.901,432.901,253.739,738.565,1,0,1,793447,ENSDARG00000115405,432.901,432.901,,253.739,253.739,,738.565,738.565,,432.901,253.739,738.565,0,,,,,,,,,,,,,,,0,,,,,,"Linear,1(1)",1.915955067,1.915955067,1.915955067,1.915955067,0,1.915955067,432.901,432.901,253.739,253.739,738.565,738.565,UP,1,0,0
R-DRE-163210,Formation of ATP by chemiosmotic coupling,13,14,1,1,1,0,0,0,1,0,0,6,14,4872,0.98294,1,1,0,,,,,,,,,,,,,,,,,,,,,,,,,,,,,,0,0,0,,,,,,,,,,,,,,,0,,,,,,,,,,,,,,,0,,,,,,,,,,,,,,,,,,,,,,
R-DRE-8949613,Cristae formation,13,14,1,1,1,0,0,0,1,0,0,6,14,4872,0.98294,1,1,0,,,,,,,,,,,,,,,,,,,,,,,,,,,,,,0,0,0,,,,,,,,,,,,,,,0,,,,,,,,,,,,,,,0,,,,,,,,,,,,,,,,,,,,,,
R-DRE-110312,Translesion synthesis by REV1,4,9,1,1,1,1,1,1,1,1,1,5,8,4878,0.99996,0.010993,0.010993,11.11,30678,pcna,ENSDARG00000054155,,9.99453,9.99453,9.99453,,9.99453,,8.46305,8.46305,8.46305,,8.46305,,11.8031,11.8031,11.8031,,11.8031,,0,9.99453,0,9.99453,9.99453,8.46305,11.8031,1,0,1,30678,ENSDARG00000054155,9.99453,9.99453,,8.46305,8.46305,,11.8031,11.8031,,9.99453,8.46305,11.8031,0,,,,,,,,,,,,,,,0,,,,,,"Hill,1(1)",1.873780012,1.873780012,1.873780012,1.873780012,0,1.873780012,9.99453,9.99453,8.46305,8.46305,11.8031,11.8031,UP,1,0,0
R-DRE-110320,Translesion Synthesis by POLH,5,12,1,1,1,1,1,1,1,1,1,5,11,4875,0.99992,0.014635,0.014635,8.33,30678,pcna,ENSDARG00000054155,,9.99453,9.99453,9.99453,,9.99453,,8.46305,8.46305,8.46305,,8.46305,,11.8031,11.8031,11.8031,,11.8031,,0,9.99453,,,9.99453,8.46305,11.8031,1,0,1,30678,ENSDARG00000054155,9.99453,9.99453,,8.46305,8.46305,,11.8031,11.8031,,9.99453,8.46305,11.8031,0,,,,,,,,,,,,,,,0,,,,,,"Hill,1(1)",1.873780012,1.873780012,1.873780012,1.873780012,0,1.873780012,9.99453,9.99453,8.46305,8.46305,11.8031,11.8031,UP,1,0,0
R-DRE-5655862,Translesion synthesis by POLK,4,10,1,1,1,1,1,1,1,1,1,5,9,4877,0.99994,0.012209,0.012209,10,30678,pcna,ENSDARG00000054155,,9.99453,9.99453,9.99453,,9.99453,,8.46305,8.46305,8.46305,,8.46305,,11.8031,11.8031,11.8031,,11.8031,,0,9.99453,0,9.99453,9.99453,8.46305,11.8031,1,0,1,30678,ENSDARG00000054155,9.99453,9.99453,,8.46305,8.46305,,11.8031,11.8031,,9.99453,8.46305,11.8031,0,,,,,,,,,,,,,,,0,,,,,,"Hill,1(1)",1.873780012,1.873780012,1.873780012,1.873780012,0,1.873780012,9.99453,9.99453,8.46305,8.46305,11.8031,11.8031,UP,1,0,0
R-DRE-5656121,Translesion synthesis by POLI,4,9,1,1,1,1,1,1,1,1,1,5,8,4878,0.99996,0.010993,0.010993,11.11,30678,pcna,ENSDARG00000054155,,9.99453,9.99453,9.99453,,9.99453,,8.46305,8.46305,8.46305,,8.46305,,11.8031,11.8031,11.8031,,11.8031,,0,9.99453,0,9.99453,9.99453,8.46305,11.8031,1,0,1,30678,ENSDARG00000054155,9.99453,9.99453,,8.46305,8.46305,,11.8031,11.8031,,9.99453,8.46305,11.8031,0,,,,,,,,,,,,,,,0,,,,,,"Hill,1(1)",1.873780012,1.873780012,1.873780012,1.873780012,0,1.873780012,9.99453,9.99453,8.46305,8.46305,11.8031,11.8031,UP,1,0,0
R-DRE-174414,Processive synthesis on the C-strand of the telomere,1,10,1,1,1,1,1,1,1,1,1,5,9,4877,0.99994,0.012209,0.012209,10,30678,pcna,ENSDARG00000054155,,9.99453,9.99453,9.99453,,9.99453,,8.46305,8.46305,8.46305,,8.46305,,11.8031,11.8031,11.8031,,11.8031,,0,9.99453,0,9.99453,9.99453,8.46305,11.8031,1,0,1,30678,ENSDARG00000054155,9.99453,9.99453,,8.46305,8.46305,,11.8031,11.8031,,9.99453,8.46305,11.8031,0,,,,,,,,,,,,,,,0,,,,,,"Hill,1(1)",1.873780012,1.873780012,1.873780012,1.873780012,0,1.873780012,9.99453,9.99453,8.46305,8.46305,11.8031,11.8031,UP,1,0,0
R-DRE-174437,Removal of the Flap Intermediate from the C-strand,1,9,1,1,1,1,1,1,1,1,1,5,8,4878,0.99996,0.010993,0.010993,11.11,30678,pcna,ENSDARG00000054155,,9.99453,9.99453,9.99453,,9.99453,,8.46305,8.46305,8.46305,,8.46305,,11.8031,11.8031,11.8031,,11.8031,,0,9.99453,0,9.99453,9.99453,8.46305,11.8031,1,0,1,30678,ENSDARG00000054155,9.99453,9.99453,,8.46305,8.46305,,11.8031,11.8031,,9.99453,8.46305,11.8031,0,,,,,,,,,,,,,,,0,,,,,,"Hill,1(1)",1.873780012,1.873780012,1.873780012,1.873780012,0,1.873780012,9.99453,9.99453,8.46305,8.46305,11.8031,11.8031,UP,1,0,0
R-DRE-8948216,Collagen chain trimerization,6,16,2,1,1,2,2,1,2,1,1,5,15,4871,0.99985,0.019474,0.019474,6.25,567771,col6a2,ENSDARG00000061436,,8.42385,8.42385,8.42385,,8.42385,,2.70178,2.70178,2.70178,,2.70178,,26.2647,26.2647,26.2647,,26.2647,,0,8.42385,,,8.42385,2.70178,26.2647,1,0,1,567771,ENSDARG00000061436,8.42385,8.42385,,2.70178,2.70178,,26.2647,26.2647,,8.42385,2.70178,26.2647,0,,,,,,,,,,,,,,,0,,,,,,"Exp 5,1(1)",1.777459502,1.777459502,1.777459502,1.777459502,0,1.777459502,8.42385,8.42385,2.70178,2.70178,26.2647,26.2647,UP,1,0,0
R-DRE-163560,Triglyceride catabolism,4,7,1,1,1,1,1,1,1,1,1,5,6,4880,0.99997,0.0085592,0.0085592,14.29,415166,fabp6,ENSDARG00000044566,,412.941,412.941,412.941,,412.941,,246.554,246.554,246.554,,246.554,,691.615,691.615,691.615,,691.615,,0,412.941,0,412.941,412.941,246.554,691.615,1,0,1,415166,ENSDARG00000044566,412.941,412.941,,246.554,246.554,,691.615,691.615,,412.941,246.554,691.615,0,,,,,,,,,,,,,,,0,,,,,,"Linear,1(1)",1.632003188,1.632003188,1.632003188,1.632003188,0,1.632003188,412.941,412.941,246.554,246.554,691.615,691.615,UP,1,0,0
R-DRE-4615885,SUMOylation of DNA replication proteins,1,29,1,1,1,1,1,1,1,1,1,5,28,4858,0.9995,0.035063,0.035063,3.45,30678,pcna,ENSDARG00000054155,,9.99453,9.99453,9.99453,,9.99453,,8.46305,8.46305,8.46305,,8.46305,,11.8031,11.8031,11.8031,,11.8031,,,,,,9.99453,8.46305,11.8031,1,0,1,30678,ENSDARG00000054155,9.99453,9.99453,,8.46305,8.46305,,11.8031,11.8031,,9.99453,8.46305,11.8031,0,,,,,,,,,,,,,,,0,,,,,,"Hill,1(1)",1.873780012,1.873780012,1.873780012,1.873780012,0,1.873780012,9.99453,9.99453,8.46305,8.46305,11.8031,11.8031,UP,1,0,0
R-DRE-69091,Polymerase switching,1,6,1,1,1,1,1,1,1,1,1,5,5,4881,0.99998,0.0073402,0.0073402,16.67,30678,pcna,ENSDARG00000054155,,9.99453,9.99453,9.99453,,9.99453,,8.46305,8.46305,8.46305,,8.46305,,11.8031,11.8031,11.8031,,11.8031,,0,9.99453,0,9.99453,9.99453,8.46305,11.8031,1,0,1,30678,ENSDARG00000054155,9.99453,9.99453,,8.46305,8.46305,,11.8031,11.8031,,9.99453,8.46305,11.8031,0,,,,,,,,,,,,,,,0,,,,,,"Hill,1(1)",1.873780012,1.873780012,1.873780012,1.873780012,0,1.873780012,9.99453,9.99453,8.46305,8.46305,11.8031,11.8031,UP,1,0,0
R-DRE-69109,Leading Strand Synthesis,1,6,1,1,1,1,1,1,1,1,1,5,5,4881,0.99998,0.0073402,0.0073402,16.67,30678,pcna,ENSDARG00000054155,,9.99453,9.99453,9.99453,,9.99453,,8.46305,8.46305,8.46305,,8.46305,,11.8031,11.8031,11.8031,,11.8031,,0,9.99453,0,9.99453,9.99453,8.46305,11.8031,1,0,1,30678,ENSDARG00000054155,9.99453,9.99453,,8.46305,8.46305,,11.8031,11.8031,,9.99453,8.46305,11.8031,0,,,,,,,,,,,,,,,0,,,,,,"Hill,1(1)",1.873780012,1.873780012,1.873780012,1.873780012,0,1.873780012,9.99453,9.99453,8.46305,8.46305,11.8031,11.8031,UP,1,0,0
R-DRE-69186,Lagging Strand Synthesis,1,9,1,1,1,1,1,1,1,1,1,5,8,4878,0.99996,0.010993,0.010993,11.11,30678,pcna,ENSDARG00000054155,,9.99453,9.99453,9.99453,,9.99453,,8.46305,8.46305,8.46305,,8.46305,,11.8031,11.8031,11.8031,,11.8031,,0,9.99453,0,9.99453,9.99453,8.46305,11.8031,1,0,1,30678,ENSDARG00000054155,9.99453,9.99453,,8.46305,8.46305,,11.8031,11.8031,,9.99453,8.46305,11.8031,0,,,,,,,,,,,,,,,0,,,,,,"Hill,1(1)",1.873780012,1.873780012,1.873780012,1.873780012,0,1.873780012,9.99453,9.99453,8.46305,8.46305,11.8031,11.8031,UP,1,0,0
R-DRE-69190,DNA strand elongation,1,11,1,1,1,1,1,1,1,1,1,5,10,4876,0.99993,0.013423,0.013423,9.09,30678,pcna,ENSDARG00000054155,,9.99453,9.99453,9.99453,,9.99453,,8.46305,8.46305,8.46305,,8.46305,,11.8031,11.8031,11.8031,,11.8031,,0,9.99453,,,9.99453,8.46305,11.8031,1,0,1,30678,ENSDARG00000054155,9.99453,9.99453,,8.46305,8.46305,,11.8031,11.8031,,9.99453,8.46305,11.8031,0,,,,,,,,,,,,,,,0,,,,,,"Hill,1(1)",1.873780012,1.873780012,1.873780012,1.873780012,0,1.873780012,9.99453,9.99453,8.46305,8.46305,11.8031,11.8031,UP,1,0,0
R-DRE-69166,Removal of the Flap Intermediate,1,8,1,1,1,1,1,1,1,1,1,5,7,4879,0.99997,0.0097769,0.0097769,12.5,30678,pcna,ENSDARG00000054155,,9.99453,9.99453,9.99453,,9.99453,,8.46305,8.46305,8.46305,,8.46305,,11.8031,11.8031,11.8031,,11.8031,,0,9.99453,0,9.99453,9.99453,8.46305,11.8031,1,0,1,30678,ENSDARG00000054155,9.99453,9.99453,,8.46305,8.46305,,11.8031,11.8031,,9.99453,8.46305,11.8031,0,,,,,,,,,,,,,,,0,,,,,,"Hill,1(1)",1.873780012,1.873780012,1.873780012,1.873780012,0,1.873780012,9.99453,9.99453,8.46305,8.46305,11.8031,11.8031,UP,1,0,0
R-DRE-69183,Processive synthesis on the lagging strand,1,8,1,1,1,1,1,1,1,1,1,5,7,4879,0.99997,0.0097769,0.0097769,12.5,30678,pcna,ENSDARG00000054155,,9.99453,9.99453,9.99453,,9.99453,,8.46305,8.46305,8.46305,,8.46305,,11.8031,11.8031,11.8031,,11.8031,,0,9.99453,0,9.99453,9.99453,8.46305,11.8031,1,0,1,30678,ENSDARG00000054155,9.99453,9.99453,,8.46305,8.46305,,11.8031,11.8031,,9.99453,8.46305,11.8031,0,,,,,,,,,,,,,,,0,,,,,,"Hill,1(1)",1.873780012,1.873780012,1.873780012,1.873780012,0,1.873780012,9.99453,9.99453,8.46305,8.46305,11.8031,11.8031,UP,1,0,0
R-DRE-375165,NCAM signaling for neurite out-growth,3,17,1,1,1,1,1,1,1,1,1,5,16,4870,0.99983,0.020681,0.020681,5.88,567771,col6a2,ENSDARG00000061436,,8.42385,8.42385,8.42385,,8.42385,,2.70178,2.70178,2.70178,,2.70178,,26.2647,26.2647,26.2647,,26.2647,,0,8.42385,,,8.42385,2.70178,26.2647,1,0,1,567771,ENSDARG00000061436,8.42385,8.42385,,2.70178,2.70178,,26.2647,26.2647,,8.42385,2.70178,26.2647,0,,,,,,,,,,,,,,,0,,,,,,"Exp 5,1(1)",1.777459502,1.777459502,1.777459502,1.777459502,0,1.777459502,8.42385,8.42385,2.70178,2.70178,26.2647,26.2647,UP,1,0,0
R-DRE-419037,NCAM1 interactions,3,6,1,1,1,1,1,1,1,1,1,5,5,4881,0.99998,0.0073402,0.0073402,16.67,567771,col6a2,ENSDARG00000061436,,8.42385,8.42385,8.42385,,8.42385,,2.70178,2.70178,2.70178,,2.70178,,26.2647,26.2647,26.2647,,26.2647,,0,8.42385,0,8.42385,8.42385,2.70178,26.2647,1,0,1,567771,ENSDARG00000061436,8.42385,8.42385,,2.70178,2.70178,,26.2647,26.2647,,8.42385,2.70178,26.2647,0,,,,,,,,,,,,,,,0,,,,,,"Exp 5,1(1)",1.777459502,1.777459502,1.777459502,1.777459502,0,1.777459502,8.42385,8.42385,2.70178,2.70178,26.2647,26.2647,UP,1,0,0
