Chemical,Dose,term,contrast,null.value,estimate,conf.low,conf.high,adj.p.value
1-Decanol,Dose_1,as.factor(Group),B-A,0,1.2743333333333329,-6.29751657692729,8.846183243593956,0.8663846538010997
1-Decanol,Dose_1,as.factor(Group),C-A,0,-1.4163333333333332,-8.988183243593955,6.1555165769272895,0.8663846538010997
1-Decanol,Dose_1,as.factor(Group),C-B,0,-2.690666666666666,-10.26251657692729,4.881183243593957,0.8663846538010997
1-Decanol,Dose_2,as.factor(Group),B-A,0,4.1353333333333335,-4.381731463376132,12.6523981300428,0.7818708049553653
1-Decanol,Dose_2,as.factor(Group),C-A,0,1.604333333333333,-6.013561008351783,9.222227675018448,0.7818708049553653
1-Decanol,Dose_2,as.factor(Group),C-B,0,-2.5310000000000006,-11.048064796709467,5.986064796709465,0.7818708049553653
1-Decanol,Dose_3,as.factor(Group),B-A,0,5.231666666666668,-3.3115744034834043,13.77490773681674,0.33693957587992324
1-Decanol,Dose_3,as.factor(Group),C-A,0,8.253333333333336,-0.28990773681673687,16.796574403483408,0.17061100495604398
1-Decanol,Dose_3,as.factor(Group),C-B,0,3.0216666666666674,-5.521574403483405,11.564907736816739,0.5563581739344794
1-Decanol,Dose_4,as.factor(Group),B-A,0,-1.987,-7.891271238134954,3.917271238134954,0.5853151195857416
1-Decanol,Dose_4,as.factor(Group),C-A,0,-6.860333333333335,-12.76460457146829,-0.9560620951983809,0.08253614625673367
1-Decanol,Dose_4,as.factor(Group),C-B,0,-4.873333333333335,-10.777604571468288,1.0309379048016192,0.14690482685815465
1-Decanol,Dose_5,as.factor(Group),B-A,0,-3.072333333333333,-17.339674314227302,11.195007647560637,0.949745698535814
1-Decanol,Dose_5,as.factor(Group),C-A,0,-1.4283333333333328,-15.695674314227302,12.839007647560637,0.949745698535814
1-Decanol,Dose_5,as.factor(Group),C-B,0,1.6440000000000001,-12.62334098089397,15.91134098089397,0.949745698535814
1-Decanol,Dose_6,as.factor(Group),B-A,0,2.5953333333333335,-6.018227630130899,11.208894296797567,0.6460729256052674
1-Decanol,Dose_6,as.factor(Group),C-A,0,-2.886666666666666,-11.500227630130897,5.726894296797567,0.6460729256052674
1-Decanol,Dose_6,as.factor(Group),C-B,0,-5.481999999999999,-14.095560963464232,3.131560963464233,0.6143459710865661
1-Octanol,Dose_1,as.factor(Group),B-A,0,1.2223333333333337,-4.525821964901368,6.970488631568035,0.9872315102488378
1-Octanol,Dose_1,as.factor(Group),C-A,0,0.9360000000000008,-4.812155298234701,6.684155298234702,0.9872315102488378
1-Octanol,Dose_1,as.factor(Group),C-B,0,-0.2863333333333329,-6.034488631568035,5.461821964901368,0.9872315102488378
1-Octanol,Dose_2,as.factor(Group),B-A,0,1.6185000000000023,-4.569835937076256,7.80683593707626,0.9998397746137522
1-Octanol,Dose_2,as.factor(Group),C-A,0,1.5895000000000024,-4.598835937076256,7.77783593707626,0.9998397746137522
1-Octanol,Dose_2,as.factor(Group),C-B,0,-0.028999999999999915,-5.564015929162949,5.506015929162949,0.9998397746137522
1-Octanol,Dose_3,as.factor(Group),B-A,0,3.5853333333333346,-1.22349679059732,8.39416345726399,0.3738254099766899
1-Octanol,Dose_3,as.factor(Group),C-A,0,0.8646666666666676,-3.4364817530764054,5.16581508640974,0.7983658213248033
1-Octanol,Dose_3,as.factor(Group),C-B,0,-2.720666666666667,-7.529496790597321,2.0881634572639878,0.3738254099766899
1-Octanol,Dose_4,as.factor(Group),B-A,0,-0.9876666666666658,-7.086772270281618,5.111438936948287,0.8754425683847304
1-Octanol,Dose_4,as.factor(Group),C-A,0,1.9526666666666674,-4.146438936948285,8.05177227028162,0.8754425683847304
1-Octanol,Dose_4,as.factor(Group),C-B,0,2.9403333333333332,-3.1587722702816192,9.039438936948287,0.8754425683847304
1-Octanol,Dose_5,as.factor(Group),B-A,0,-2.1229999999999998,-10.322959119566782,6.076959119566784,0.8768096025892611
1-Octanol,Dose_5,as.factor(Group),C-A,0,1.1156666666666677,-6.218599734961595,8.44993306829493,0.8768096025892611
1-Octanol,Dose_5,as.factor(Group),C-B,0,3.2386666666666675,-4.961292452900116,11.43862578623345,0.8768096025892611
1-Octanol,Dose_6,as.factor(Group),B-A,0,4.431333333333333,-0.9343402565837362,9.797006923250402,0.14026650676902952
1-Octanol,Dose_6,as.factor(Group),C-A,0,-0.13833333333333386,-5.504006923250403,5.2273402565837355,0.9961306326687933
1-Octanol,Dose_6,as.factor(Group),C-B,0,-4.5696666666666665,-9.368871023518626,0.22953769018529258,0.14026650676902952
17betaestradiol,Dose_1,as.factor(Group),B-A,0,-0.860000000000003,-23.525506202434027,21.80550620243402,0.9925648654203151
17betaestradiol,Dose_1,as.factor(Group),C-A,0,-6.971333333333338,-29.63683953576736,15.694172869100687,0.9925648654203151
17betaestradiol,Dose_1,as.factor(Group),C-B,0,-6.111333333333335,-28.77683953576736,16.55417286910069,0.9925648654203151
17betaestradiol,Dose_2,as.factor(Group),B-A,0,1.461333333333334,-8.332167933888794,11.254834600555462,0.8928555305818726
17betaestradiol,Dose_2,as.factor(Group),C-A,0,-1.565999999999999,-11.359501267222127,8.227501267222129,0.8928555305818726
17betaestradiol,Dose_2,as.factor(Group),C-B,0,-3.027333333333333,-12.820834600555461,6.766167933888795,0.8928555305818726
17betaestradiol,Dose_3,as.factor(Group),B-A,0,7.341333333333333,-14.886722389551311,29.56938905621798,0.894013528191369
17betaestradiol,Dose_3,as.factor(Group),C-A,0,8.575333333333335,-13.65272238955131,30.80338905621798,0.894013528191369
17betaestradiol,Dose_3,as.factor(Group),C-B,0,1.2340000000000018,-20.994055722884642,23.462055722884646,0.9841738047933153
17betaestradiol,Dose_4,as.factor(Group),B-A,0,-5.909666666666663,-18.346912070907365,6.5275787375740375,0.809822786543873
17betaestradiol,Dose_4,as.factor(Group),C-A,0,-3.356333333333332,-15.793578737574032,9.080912070907369,0.809822786543873
17betaestradiol,Dose_4,as.factor(Group),C-B,0,2.553333333333331,-9.88391207090737,14.990578737574031,0.809822786543873
17betaestradiol,Dose_5,as.factor(Group),B-A,0,-11.40666666666666,-31.80547000901551,8.992136675682193,0.7490805561923123
17betaestradiol,Dose_5,as.factor(Group),C-A,0,-4.934333333333331,-25.333136675682184,15.464470009015521,0.7490805561923123
17betaestradiol,Dose_5,as.factor(Group),C-B,0,6.472333333333328,-13.926470009015524,26.87113667568218,0.7490805561923123
17betaestradiol,Dose_6,as.factor(Group),B-A,0,1.6623333333333257,-19.44079112959673,22.76545779626338,0.9684779675051813
17betaestradiol,Dose_6,as.factor(Group),C-A,0,-3.6716666666666704,-24.774791129596725,17.431457796263384,0.9684779675051813
17betaestradiol,Dose_6,as.factor(Group),C-B,0,-5.333999999999996,-26.43712446293005,15.769124462930058,0.9684779675051813
24-DMP,Dose_1,as.factor(Group),B-A,0,4.407666666666666,-0.3977404582385633,9.213073791571894,0.20571422721016464
24-DMP,Dose_1,as.factor(Group),C-A,0,3.071,-1.7344071249052289,7.87640712490523,0.3040672851337938
24-DMP,Dose_1,as.factor(Group),C-B,0,-1.336666666666666,-6.142073791571895,3.468740458238563,0.6864231961579368
24-DMP,Dose_2,as.factor(Group),B-A,0,1.0276666666666667,-1.6874207217062223,3.7427540550395557,0.8975350708989653
24-DMP,Dose_2,as.factor(Group),C-A,0,0.8930000000000007,-1.8220873883728883,3.6080873883728897,0.8975350708989653
24-DMP,Dose_2,as.factor(Group),C-B,0,-0.13466666666666605,-2.849754055039555,2.580420721706223,0.9873398958612244
24-DMP,Dose_3,as.factor(Group),B-A,0,2.5546666666666664,-2.4254770258411082,7.5348103591744415,0.6293863614173685
24-DMP,Dose_3,as.factor(Group),C-A,0,2.1980000000000004,-2.7821436925077743,7.178143692507775,0.6293863614173685
24-DMP,Dose_3,as.factor(Group),C-B,0,-0.356666666666666,-5.336810359174441,4.623477025841108,0.9738470666015216
24-DMP,Dose_4,as.factor(Group),B-A,0,1.8800000000000012,-4.989569071916652,8.749569071916653,0.6688592329232781
24-DMP,Dose_4,as.factor(Group),C-A,0,5.057500000000003,-2.6229117104678847,12.737911710467891,0.5263951415101212
24-DMP,Dose_4,as.factor(Group),C-B,0,3.177500000000001,-4.502911710467886,10.857911710467889,0.648925409510517
24-DMP,Dose_5,as.factor(Group),B-A,0,1.6853333333333333,-4.658956755211595,8.029623421878263,0.9779099630045356
24-DMP,Dose_5,as.factor(Group),C-A,0,-0.4169999999999998,-6.7612900885449285,5.927290088544929,0.9779099630045356
24-DMP,Dose_5,as.factor(Group),C-B,0,-2.102333333333333,-8.446623421878261,4.2419567552115955,0.9779099630045356
24-DMP,Dose_6,as.factor(Group),B-A,0,0.5629999999999997,-3.330322827331233,4.456322827331233,0.8989182190160925
24-DMP,Dose_6,as.factor(Group),C-A,0,2.7110000000000003,-1.1823228273312325,6.604322827331233,0.4238197181492347
24-DMP,Dose_6,as.factor(Group),C-B,0,2.1480000000000006,-1.7453228273312322,6.041322827331234,0.4238197181492347
24-DNP,Dose_1,as.factor(Group),B-A,0,-4.9513333333333325,-10.621018478202348,0.7183518115356842,0.16086962136905947
24-DNP,Dose_1,as.factor(Group),C-A,0,-4.548000000000001,-10.217685144869018,1.1216851448690157,0.16086962136905947
24-DNP,Dose_1,as.factor(Group),C-B,0,0.40333333333333155,-5.266351811535685,6.073018478202348,0.9741897742863834
24-DNP,Dose_2,as.factor(Group),B-A,0,-1.0389999999999988,-8.56092370050291,6.482923700502912,0.907206619298359
24-DNP,Dose_2,as.factor(Group),C-A,0,-4.555999999999999,-12.077923700502911,2.9659237005029118,0.5748831749265858
24-DNP,Dose_2,as.factor(Group),C-B,0,-3.517,-11.038923700502911,4.004923700502911,0.5748831749265858
24-DNP,Dose_3,as.factor(Group),B-A,0,-2.6406666666666663,-9.577444036584694,4.296110703251363,0.7680615849377461
24-DNP,Dose_3,as.factor(Group),C-A,0,-3.2300000000000004,-10.16677736991803,3.7067773699180284,0.7680615849377461
24-DNP,Dose_3,as.factor(Group),C-B,0,-0.5893333333333342,-7.526110703251363,6.347444036584695,0.963460013425451
24-DNP,Dose_4,as.factor(Group),B-A,0,6.090999999999999,0.2516097799836956,11.930390220016303,0.06572569655350663
24-DNP,Dose_4,as.factor(Group),C-A,0,0.13016666666666588,-5.200442909296642,5.460776242629974,0.9958374410686301
24-DNP,Dose_4,as.factor(Group),C-B,0,-5.960833333333333,-11.291442909296642,-0.6302237573700253,0.06572569655350663
24-DNP,Dose_5,as.factor(Group),B-A,0,-3.3326666666666664,-8.263292841972003,1.597959508638671,0.2635989676988877
24-DNP,Dose_5,as.factor(Group),C-A,0,-3.4216666666666677,-8.352292841972005,1.5089595086386698,0.2635989676988877
24-DNP,Dose_5,as.factor(Group),C-B,0,-0.0890000000000013,-5.019626175305339,4.841626175305336,0.9983107970830083
24-DNP,Dose_6,as.factor(Group),B-A,0,-0.12199999999999811,-7.631425023936134,7.387425023936138,0.9984609360680476
24-DNP,Dose_6,as.factor(Group),C-A,0,-0.27966666666666473,-6.99630059685034,6.43696726351701,0.9984609360680476
24-DNP,Dose_6,as.factor(Group),C-B,0,-0.15766666666666662,-7.667091690602803,7.351758357269469,0.9984609360680476
34-DCA,Dose_1,as.factor(Group),B-A,0,13.720333333333333,-4.010469428820411,31.451136095487076,0.25398210757425066
34-DCA,Dose_1,as.factor(Group),C-A,0,1.5666666666666673,-16.164136095487077,19.29746942882041,0.9605559556710315
34-DCA,Dose_1,as.factor(Group),C-B,0,-12.153666666666666,-29.88446942882041,5.577136095487077,0.25398210757425066
34-DCA,Dose_2,as.factor(Group),B-A,0,-6.065999999999999,-27.934810802829478,15.80281080282948,0.8552394658754332
34-DCA,Dose_2,as.factor(Group),C-A,0,-9.913333333333334,-31.782144136162813,11.955477469496145,0.8552394658754332
34-DCA,Dose_2,as.factor(Group),C-B,0,-3.847333333333335,-25.716144136162814,18.021477469496144,0.8552394658754332
34-DCA,Dose_3,as.factor(Group),B-A,0,-1.5033333333333267,-16.214846595616514,13.208179928949859,0.9477152095492705
34-DCA,Dose_3,as.factor(Group),C-A,0,-13.769333333333329,-28.480846595616512,0.9421799289498569,0.14217845893476794
34-DCA,Dose_3,as.factor(Group),C-B,0,-12.266000000000002,-26.97751326228319,2.4455132622831837,0.14217845893476794
34-DCA,Dose_4,as.factor(Group),B-A,0,11.32633333333333,-10.539125001556222,33.19179166822288,0.47995274040573244
34-DCA,Dose_4,as.factor(Group),C-A,0,11.567666666666668,-10.297791668222885,33.43312500155622,0.47995274040573244
34-DCA,Dose_4,as.factor(Group),C-B,0,0.24133333333333695,-21.624125001556216,22.10679166822289,0.9993679780445537
34-DCA,Dose_5,as.factor(Group),B-A,0,-8.685666666666666,-18.9840273011149,1.612693967781567,0.13693592268032762
34-DCA,Dose_5,as.factor(Group),C-A,0,-8.997000000000002,-19.295360634448237,1.3013606344482316,0.13693592268032762
34-DCA,Dose_5,as.factor(Group),C-B,0,-0.31133333333333546,-10.609693967781569,9.987027301114898,0.9952714090864341
34-DCA,Dose_6,as.factor(Group),B-A,0,-3.9079999999999977,-17.63733915066389,9.821339150663894,0.6751138545036786
34-DCA,Dose_6,as.factor(Group),C-A,0,-13.943000000000001,-27.672339150663895,-0.21366084933610985,0.1414530253514944
34-DCA,Dose_6,as.factor(Group),C-B,0,-10.035000000000004,-23.764339150663893,3.694339150663888,0.21264506109289177
4-TPP,Dose_1,as.factor(Group),B-A,0,-0.11233333333333562,-16.452442655542352,16.22777598887568,0.9997241677534301
4-TPP,Dose_1,as.factor(Group),C-A,0,-3.884000000000002,-22.15279760211869,14.384797602118686,0.9997241677534301
4-TPP,Dose_1,as.factor(Group),C-B,0,-3.7716666666666665,-22.040464268785357,14.497130935452022,0.9997241677534301
4-TPP,Dose_2,as.factor(Group),B-A,0,3.671333333333335,-8.14749155508167,15.49015822174834,0.9901213704412042
4-TPP,Dose_2,as.factor(Group),C-A,0,3.1540000000000017,-8.664824888415003,14.972824888415007,0.9901213704412042
4-TPP,Dose_2,as.factor(Group),C-B,0,-0.5173333333333332,-12.336158221748338,11.301491555081672,0.9901213704412042
4-TPP,Dose_3,as.factor(Group),B-A,0,9.3615,-1.0583098226476881,19.781309822647685,0.16606303634647535
4-TPP,Dose_3,as.factor(Group),C-A,0,7.9145,-2.5053098226476873,18.33430982264769,0.16606303634647535
4-TPP,Dose_3,as.factor(Group),C-B,0,-1.4469999999999992,-12.861329769556082,9.967329769556084,0.8963486472421811
4-TPP,Dose_4,as.factor(Group),B-A,0,3.973333333333332,-7.820400854443039,15.767067521109702,0.8770379374500744
4-TPP,Dose_4,as.factor(Group),C-A,0,4.6270000000000016,-7.1667341877763695,16.42073418777637,0.8770379374500744
4-TPP,Dose_4,as.factor(Group),C-B,0,0.6536666666666697,-11.140067521109701,12.44740085444304,0.9842248224502076
4-TPP,Dose_5,as.factor(Group),B-A,0,3.8966666666666647,-2.4765813677937842,10.269914701127114,0.33818673628461654
4-TPP,Dose_5,as.factor(Group),C-A,0,-3.1870000000000016,-9.56024803446045,3.1862480344604474,0.3414743875277434
4-TPP,Dose_5,as.factor(Group),C-B,0,-7.083666666666666,-13.456914701127115,-0.7104186322062169,0.09910360834656695
4-TPP,Dose_6,as.factor(Group),B-A,0,-1.1423333333333323,-9.694543688259674,7.409877021593009,0.9128697652964595
4-TPP,Dose_6,as.factor(Group),C-A,0,-3.000999999999999,-11.55321035492634,5.551210354926342,0.9128697652964595
4-TPP,Dose_6,as.factor(Group),C-B,0,-1.8586666666666667,-10.410877021593008,6.693543688259675,0.9128697652964595
4C3MP,Dose_1,as.factor(Group),B-A,0,1.7253333333333352,-5.193432569605952,8.644099236272623,0.9991922756697658
4C3MP,Dose_1,as.factor(Group),C-A,0,1.6390000000000011,-5.279765902939286,8.557765902939288,0.9991922756697658
4C3MP,Dose_1,as.factor(Group),C-B,0,-0.08633333333333404,-7.005099236272621,6.832432569605953,0.9991922756697658
4C3MP,Dose_2,as.factor(Group),B-A,0,4.017333333333335,-2.447973736604685,10.482640403271354,0.3255183203573278
4C3MP,Dose_2,as.factor(Group),C-A,0,-0.1299999999999999,-6.59530706993802,6.33530706993802,0.9979044616775004
4C3MP,Dose_2,as.factor(Group),C-B,0,-4.147333333333335,-10.612640403271355,2.317973736604685,0.3255183203573278
4C3MP,Dose_3,as.factor(Group),B-A,0,0.796666666666666,-6.464560003292663,8.057893336625995,0.9400539968748961
4C3MP,Dose_3,as.factor(Group),C-A,0,3.846333333333333,-3.4148933366259957,11.107560003292662,0.6763013837220907
4C3MP,Dose_3,as.factor(Group),C-B,0,3.049666666666667,-4.211560003292662,10.310893336625995,0.6763013837220907
4C3MP,Dose_4,as.factor(Group),B-A,0,1.3459999999999983,-5.4966676449509135,8.188667644950911,0.9973415093845767
4C3MP,Dose_4,as.factor(Group),C-A,0,1.5009999999999986,-5.341667644950913,8.34366764495091,0.9973415093845767
4C3MP,Dose_4,as.factor(Group),C-B,0,0.15500000000000025,-6.687667644950912,6.997667644950912,0.9973415093845767
4C3MP,Dose_5,as.factor(Group),B-A,0,0.28966666666666807,-7.9812556166590545,8.56058894999239,0.9936608117706667
4C3MP,Dose_5,as.factor(Group),C-A,0,-0.8119999999999985,-9.082922283325722,7.458922283325724,0.9936608117706667
4C3MP,Dose_5,as.factor(Group),C-B,0,-1.1016666666666666,-9.37258894999239,7.169255616659056,0.9936608117706667
4C3MP,Dose_6,as.factor(Group),B-A,0,-0.6263333333333323,-9.649943598515666,8.397276931849003,0.9754079138249638
4C3MP,Dose_6,as.factor(Group),C-A,0,1.3936666666666664,-7.629943598515668,10.417276931849,0.9754079138249638
4C3MP,Dose_6,as.factor(Group),C-B,0,2.0199999999999987,-7.003610265182336,11.043610265182334,0.9754079138249638
4TOP,Dose_1,as.factor(Group),B-A,0,0.871666666666667,-6.853006944693682,8.596340278027016,0.9293978941665813
4TOP,Dose_1,as.factor(Group),C-A,0,3.8705,-4.7659476495002675,12.506947649500267,0.8080939373078063
4TOP,Dose_1,as.factor(Group),C-B,0,2.998833333333333,-5.6376143161669345,11.6352809828336,0.8080939373078063
4TOP,Dose_2,as.factor(Group),B-A,0,13.856333333333327,-2.9799865192560002,30.69265318592265,0.14828174328244292
4TOP,Dose_2,as.factor(Group),C-A,0,15.667,-1.169319852589327,32.50331985258933,0.14828174328244292
4TOP,Dose_2,as.factor(Group),C-B,0,1.8106666666666733,-15.025653185922653,18.646986519256,0.942309542164387
4TOP,Dose_3,as.factor(Group),B-A,0,-0.010166666666659552,-12.60030919060114,12.57997585726782,0.9999961935785013
4TOP,Dose_3,as.factor(Group),C-A,0,-6.507333333333326,-17.768299145304635,4.753632478637982,0.4499302936070283
4TOP,Dose_3,as.factor(Group),C-B,0,-6.497166666666667,-19.087309190601147,6.092975857267813,0.4499302936070283
4TOP,Dose_4,as.factor(Group),B-A,0,-0.24299999999999855,-12.875356761484493,12.389356761484496,0.9980818487770959
4TOP,Dose_4,as.factor(Group),C-A,0,1.0276666666666685,-11.604690094817826,13.660023428151163,0.9980818487770959
4TOP,Dose_4,as.factor(Group),C-B,0,1.270666666666667,-11.361690094817828,13.903023428151162,0.9980818487770959
4TOP,Dose_5,as.factor(Group),B-A,0,3.203999999999997,-12.39636622316076,18.804366223160756,0.9947506289691057
4TOP,Dose_5,as.factor(Group),C-A,0,3.7010000000000005,-11.899366223160756,19.301366223160755,0.9947506289691057
4TOP,Dose_5,as.factor(Group),C-B,0,0.49700000000000344,-15.103366223160753,16.097366223160762,0.9947506289691057
4TOP,Dose_6,as.factor(Group),B-A,0,9.00566666666667,-2.931562894779038,20.942896228112378,0.2792796905671887
4TOP,Dose_6,as.factor(Group),C-A,0,7.891000000000005,-4.046229561445703,19.828229561445713,0.2792796905671887
4TOP,Dose_6,as.factor(Group),C-B,0,-1.1146666666666647,-13.051896228112373,10.822562894779043,0.9560849501228214
Aniline,Dose_1,as.factor(Group),B-A,0,7.231999999999999,2.0056959794595235,12.458304020540474,0.021713373338157815
Aniline,Dose_2,as.factor(Group),B-A,0,1.8683333333333323,-11.962558391705528,15.699225058372193,0.9953341766316279
Aniline,Dose_2,as.factor(Group),C-A,0,1.4529999999999994,-12.377891725038861,15.28389172503886,0.9953341766316279
Aniline,Dose_2,as.factor(Group),C-B,0,-0.4153333333333329,-14.246225058372193,13.415558391705527,0.9953341766316279
Aniline,Dose_3,as.factor(Group),B-A,0,-2.2674999999999983,-10.661012786586541,6.126012786586545,0.9981996094523682
Aniline,Dose_3,as.factor(Group),C-A,0,-2.4149999999999974,-9.922386064328476,5.0923860643284815,0.9981996094523682
Aniline,Dose_3,as.factor(Group),C-B,0,-0.14749999999999908,-8.541012786586542,8.246012786586544,0.9981996094523682
Aniline,Dose_4,as.factor(Group),B-A,0,-1.352666666666667,-5.8856816963824325,3.1803483630490987,0.8922440582165136
Aniline,Dose_4,as.factor(Group),C-A,0,-0.7116666666666669,-4.766118566455739,3.342785233122405,0.8922440582165136
Aniline,Dose_4,as.factor(Group),C-B,0,0.641,-3.8920150297157656,5.174015029715766,0.8922440582165136
Aniline,Dose_5,as.factor(Group),B-A,0,5.2330000000000005,-0.3724234205715353,10.838423420571537,0.09659779610225439
Aniline,Dose_5,as.factor(Group),C-A,0,-0.3546666666666658,-5.960090087238202,5.25075675390487,0.979507759990634
Aniline,Dose_5,as.factor(Group),C-B,0,-5.587666666666666,-11.193090087238202,0.017756753904869527,0.09659779610225439
Aniline,Dose_6,as.factor(Group),B-A,0,3.2590000000000012,-3.1327518732542385,9.65075187325424,0.7557144535021778
Aniline,Dose_6,as.factor(Group),C-A,0,2.466,-3.9257518732542396,8.85775187325424,0.7557144535021778
Aniline,Dose_6,as.factor(Group),C-B,0,-0.793000000000001,-7.184751873254241,5.598751873254239,0.9242096854730557
BPA,Dose_1,as.factor(Group),B-A,0,-7.0000000000000036,-32.460202440993065,18.460202440993058,0.9793045376496845
BPA,Dose_1,as.factor(Group),C-A,0,-1.6190000000000069,-27.07920244099307,23.841202440993055,0.9793045376496845
BPA,Dose_1,as.factor(Group),C-B,0,5.380999999999997,-20.079202440993065,30.841202440993058,0.9793045376496845
BPA,Dose_2,as.factor(Group),B-A,0,10.655000000000005,0.7750251187662691,20.53497488123374,0.037296876159589876
BPA,Dose_2,as.factor(Group),C-A,0,26.91333333333334,17.033358452099606,36.79330821456708,0.0011737790050845298
BPA,Dose_2,as.factor(Group),C-B,0,16.258333333333336,6.378358452099601,26.138308214567072,0.008401858310049914
BPA,Dose_3,as.factor(Group),B-A,0,3.6596666666666664,-10.456255727348253,17.775589060681586,0.8564316997158818
BPA,Dose_3,as.factor(Group),C-A,0,6.131666666666671,-7.984255727348248,20.24758906068159,0.8564316997158818
BPA,Dose_3,as.factor(Group),C-B,0,2.472000000000005,-11.643922394014915,16.587922394014925,0.8564316997158818
BPA,Dose_4,as.factor(Group),B-A,0,3.5606666666666698,-9.828379633261322,16.94971296659466,0.9740730851241929
BPA,Dose_4,as.factor(Group),C-A,0,0.9546666666666681,-12.434379633261324,14.34371296659466,0.9740730851241929
BPA,Dose_4,as.factor(Group),C-B,0,-2.6060000000000016,-15.995046299927994,10.78304629992799,0.9740730851241929
BPA,Dose_5,as.factor(Group),B-A,0,20.367666666666672,0.6140496006566671,40.12128373267667,0.13344589868191814
BPA,Dose_5,as.factor(Group),C-A,0,14.642333333333342,-5.111283732676663,34.39595039934335,0.20421355877190706
BPA,Dose_5,as.factor(Group),C-B,0,-5.725333333333328,-25.478950399343333,14.028283732676677,0.6660602854958544
BPA,Dose_6,as.factor(Group),B-A,0,1.9156666666666702,-39.16776295169895,42.99909628503228,0.9986589681663303
BPA,Dose_6,as.factor(Group),C-A,0,-0.6606666666666641,-41.74409628503228,40.42276295169895,0.9986589681663303
BPA,Dose_6,as.factor(Group),C-B,0,-2.5763333333333343,-43.65976295169895,38.507096285032276,0.9986589681663303
BPAF,Dose_1,as.factor(Group),B-A,0,3.1456666666666657,-0.27038717787208055,6.5617205112054116,0.20286915438524222
BPAF,Dose_1,as.factor(Group),C-A,0,2.4036666666666657,-1.0123871778720805,5.8197205112054124,0.2365861048225098
BPAF,Dose_1,as.factor(Group),C-B,0,-0.742,-4.158053844538746,2.6740538445387463,0.7904596547027294
BPAF,Dose_2,as.factor(Group),B-A,0,-1.2623333333333315,-5.359442373919064,2.834775707252401,0.8291843061560937
BPAF,Dose_2,as.factor(Group),C-A,0,0.7910000000000013,-3.3061090405857314,4.888109040585734,0.8291843061560937
BPAF,Dose_2,as.factor(Group),C-B,0,2.053333333333333,-2.0437757072524,6.1504423739190655,0.8291843061560937
BPAF,Dose_3,as.factor(Group),B-A,0,2.1995000000000005,-2.1552219769185434,6.554221976918544,0.7512695191924422
BPAF,Dose_3,as.factor(Group),C-A,0,0.9928333333333339,-3.36188864358521,5.347555310251877,0.7512695191924422
BPAF,Dose_3,as.factor(Group),C-B,0,-1.2066666666666666,-5.1016484120675205,2.688315078734187,0.7512695191924422
BPAF,Dose_4,as.factor(Group),B-A,0,-1.1189999999999998,-2.8784894512236274,0.6404894512236279,0.30771652482527906
BPAF,Dose_4,as.factor(Group),C-A,0,0.6990000000000007,-1.060489451223627,2.4584894512236284,0.4856805641159133
BPAF,Dose_4,as.factor(Group),C-B,0,1.8180000000000005,0.05851054877637285,3.577489451223628,0.13236651675675637
BPAF,Dose_5,as.factor(Group),B-A,0,2.4063333333333348,-0.8624075604224477,5.675074227089118,0.41663906421157493
BPAF,Dose_5,as.factor(Group),C-A,0,1.2253333333333347,-2.0434075604224478,4.494074227089117,0.5436939004123025
BPAF,Dose_5,as.factor(Group),C-B,0,-1.181,-4.4497408937557825,2.0877408937557824,0.5436939004123025
BPAF,Dose_6,as.factor(Group),B-A,0,2.0363333333333333,-3.958178513614971,8.030845180281638,0.8865226338960963
BPAF,Dose_6,as.factor(Group),C-A,0,1.9973333333333332,-3.9971785136149713,7.991845180281638,0.8865226338960963
BPAF,Dose_6,as.factor(Group),C-B,0,-0.039000000000000146,-6.033511846948304,5.955511846948305,0.9997803371408286
Clofibric-acid,Dose_1,as.factor(Group),B-A,0,-0.261,-2.833118186021772,2.3111181860217718,0.9484185209456737
Clofibric-acid,Dose_1,as.factor(Group),C-A,0,-0.6410000000000001,-3.213118186021772,1.9311181860217719,0.9484185209456737
Clofibric-acid,Dose_1,as.factor(Group),C-B,0,-0.38000000000000006,-2.952118186021772,2.192118186021772,0.9484185209456737
Clofibric-acid,Dose_2,as.factor(Group),B-A,0,1.5169999999999995,-3.8993609791413597,6.933360979141359,0.6830795667708672
Clofibric-acid,Dose_2,as.factor(Group),C-A,0,-2.0876666666666677,-7.504027645808026,3.3286943124746915,0.6830795667708672
Clofibric-acid,Dose_2,as.factor(Group),C-B,0,-3.604666666666667,-9.021027645808026,1.811694312474692,0.5489433509324313
Clofibric-acid,Dose_3,as.factor(Group),B-A,0,-0.36433333333333184,-5.888527816724852,5.159861150058188,0.9998481730633484
Clofibric-acid,Dose_3,as.factor(Group),C-A,0,0.031500000000001194,-6.144737192896384,6.207737192896387,0.9998481730633484
Clofibric-acid,Dose_3,as.factor(Group),C-B,0,0.39583333333333304,-5.7804038595630525,6.5720705262297185,0.9998481730633484
Clofibric-acid,Dose_4,as.factor(Group),B-A,0,0.8091666666666679,-9.332193120155038,10.950526453488374,0.9868546577790915
Clofibric-acid,Dose_4,as.factor(Group),C-A,0,-0.4834999999999976,-10.624859786821704,9.657859786821708,0.9868546577790915
Clofibric-acid,Dose_4,as.factor(Group),C-B,0,-1.2926666666666655,-10.36337461371311,7.77804128037978,0.9868546577790915
Clofibric-acid,Dose_5,as.factor(Group),B-A,0,1.2006666666666677,-5.9163544953555585,8.317687828688893,0.9931226292774912
Clofibric-acid,Dose_5,as.factor(Group),C-A,0,0.9410000000000007,-6.176021162022225,8.058021162022227,0.9931226292774912
Clofibric-acid,Dose_5,as.factor(Group),C-B,0,-0.25966666666666693,-7.376687828688893,6.857354495355559,0.9931226292774912
Clofibric-acid,Dose_6,as.factor(Group),B-A,0,-2.844999999999999,-11.580690209387864,5.890690209387866,0.9906781213641717
Clofibric-acid,Dose_6,as.factor(Group),C-A,0,-2.392666666666667,-14.746798237472849,9.961464904139515,0.9906781213641717
Clofibric-acid,Dose_6,as.factor(Group),C-B,0,0.4523333333333319,-11.90179823747285,12.806464904139514,0.9906781213641717
DES,Dose_1,as.factor(Group),B-A,0,-19.40466666666666,-32.61349135821372,-6.195841975119601,0.029036863825078307
DES,Dose_1,as.factor(Group),C-A,0,-15.385666666666664,-28.594491358213723,-2.176841975119604,0.04084397842958487
DES,Dose_1,as.factor(Group),C-B,0,4.0189999999999975,-9.189824691547063,17.227824691547056,0.6409266276456047
DES,Dose_2,as.factor(Group),B-A,0,-14.290000000000001,-20.3054566830549,-8.2745433169451,0.0024905397355928782
DES,Dose_2,as.factor(Group),C-A,0,-11.92166666666667,-17.93712334972157,-5.90620998361177,0.0032696536501276574
DES,Dose_2,as.factor(Group),C-B,0,2.3683333333333305,-3.6471233497215696,8.38379001638823,0.4912814312456669
DES,Dose_3,as.factor(Group),B-A,0,-10.274999999999999,-18.39846591708988,-2.1515340829101195,0.02869354666168361
DES,Dose_3,as.factor(Group),C-A,0,-11.205333333333334,-19.328799250423213,-3.0818674162434547,0.02869354666168361
DES,Dose_3,as.factor(Group),C-B,0,-0.9303333333333361,-9.053799250423214,7.193132583756543,0.9349217505494064
DES,Dose_4,as.factor(Group),B-A,0,-21.384999999999998,-32.22176420968697,-10.548235790313033,0.006686805520069283
DES,Dose_4,as.factor(Group),C-A,0,-15.279666666666667,-26.116430876353633,-4.442902456979702,0.017585587420715698
DES,Dose_4,as.factor(Group),C-B,0,6.105333333333328,-4.731430876353637,16.942097543020292,0.27047679620422915
DES,Dose_5,as.factor(Group),B-A,0,-11.445666666666666,-22.47346960985904,-0.4178637234742908,0.06504495413132444
DES,Dose_5,as.factor(Group),C-A,0,-12.841333333333335,-23.86913627652571,-1.8135303901409596,0.06504495413132444
DES,Dose_5,as.factor(Group),C-B,0,-1.3956666666666688,-12.423469609859044,9.632136276525706,0.9212989292234675
DES,Dose_6,as.factor(Group),B-A,0,-4.137333333333331,-11.551620916162822,3.2769542494961614,0.7928305031005201
DES,Dose_6,as.factor(Group),C-A,0,-1.3903333333333325,-8.804620916162825,6.0239542494961595,0.8377563682989195
DES,Dose_6,as.factor(Group),C-B,0,2.746999999999998,-4.667287582829494,10.161287582829491,0.7928305031005201
DMSO,Dose_1,as.factor(Group),B-A,0,-5.652666666666667,-13.310739356240786,2.0054060229074526,0.2898852010966433
DMSO,Dose_1,as.factor(Group),C-A,0,-4.988666666666667,-12.646739356240786,2.6694060229074523,0.2898852010966433
DMSO,Dose_1,as.factor(Group),C-B,0,0.6639999999999997,-6.99407268957412,8.322072689574119,0.9619799677736737
DMSO,Dose_2,as.factor(Group),B-A,0,-0.009000000000000341,-17.201784154333218,17.183784154333217,0.9999985776995887
DMSO,Dose_2,as.factor(Group),C-A,0,-0.08166666666666877,-17.27445082099989,17.111117487666547,0.9999985776995887
DMSO,Dose_2,as.factor(Group),C-B,0,-0.07266666666666843,-17.265450820999888,17.120117487666548,0.9999985776995887
DMSO,Dose_3,as.factor(Group),B-A,0,-1.6620000000000008,-12.706024814793635,9.382024814793633,0.9603327242957449
DMSO,Dose_3,as.factor(Group),C-A,0,0.9786666666666655,-10.065358148126968,12.0226914814603,0.9603327242957449
DMSO,Dose_3,as.factor(Group),C-B,0,2.6406666666666663,-8.403358148126967,13.6846914814603,0.9603327242957449
DMSO,Dose_4,as.factor(Group),B-A,0,6.338333333333332,-9.281901260727135,21.958567927393798,0.7087093777969525
DMSO,Dose_4,as.factor(Group),C-A,0,7.181333333333336,-8.438901260727132,22.8015679273938,0.7087093777969525
DMSO,Dose_4,as.factor(Group),C-B,0,0.8430000000000035,-14.777234594060463,16.46323459406047,0.9850347540677082
DMSO,Dose_5,as.factor(Group),B-A,0,2.270333333333335,-2.7187385492743408,7.259405215941011,0.6004517715295976
DMSO,Dose_5,as.factor(Group),C-A,0,-0.01466666666666594,-5.003738549274342,4.97440521594101,0.9999551451518487
DMSO,Dose_5,as.factor(Group),C-B,0,-2.285000000000001,-7.274071882607677,2.704071882607675,0.6004517715295976
DMSO,Dose_6,as.factor(Group),B-A,0,7.19066666666667,-2.3463875331944584,16.727720866527797,0.3885693257138504
DMSO,Dose_6,as.factor(Group),C-A,0,2.682333333333335,-6.854720866527793,12.219387533194464,0.681028562569048
DMSO,Dose_6,as.factor(Group),C-B,0,-4.508333333333335,-14.045387533194463,5.028720866527793,0.5645837167502761
EE2,Dose_1,as.factor(Group),B-A,0,-0.5836666666666659,-3.2289633330648067,2.061629999731475,0.9749523276871725
EE2,Dose_1,as.factor(Group),C-A,0,-0.7689999999999992,-3.41429666639814,1.8762966663981415,0.9749523276871725
EE2,Dose_1,as.factor(Group),C-B,0,-0.18533333333333335,-2.830629999731474,2.4599633330648074,0.9749523276871725
EE2,Dose_2,as.factor(Group),B-A,0,1.8770000000000007,-0.9932113048678932,4.7472113048678946,0.28705515198302706
EE2,Dose_2,as.factor(Group),C-A,0,2.182666666666667,-0.6875446382012269,5.052877971534561,0.28705515198302706
EE2,Dose_2,as.factor(Group),C-B,0,0.3056666666666663,-2.5645446382012276,3.17587797153456,0.9433864058894696
EE2,Dose_3,as.factor(Group),B-A,0,0.3626666666666676,-4.167664323737319,4.892997657070654,0.9635559521696904
EE2,Dose_3,as.factor(Group),C-A,0,-0.5234999999999985,-5.58856402755863,4.541564027558633,0.9635559521696904
EE2,Dose_3,as.factor(Group),C-B,0,-0.8861666666666661,-5.9512306942252975,4.178897360891965,0.9635559521696904
EE2,Dose_4,as.factor(Group),B-A,0,2.0570000000000004,-4.6051638028880655,8.719163802888065,0.9511864920872906
EE2,Dose_4,as.factor(Group),C-A,0,1.4000000000000012,-5.262163802888065,8.062163802888067,0.9511864920872906
EE2,Dose_4,as.factor(Group),C-B,0,-0.6569999999999991,-7.319163802888065,6.005163802888067,0.9511864920872906
EE2,Dose_5,as.factor(Group),B-A,0,0.8660000000000014,-4.020342747709438,5.752342747709441,0.8533096675247503
EE2,Dose_5,as.factor(Group),C-A,0,7.182666666666668,2.2963239189572286,12.069009414376108,0.02606486772441574
EE2,Dose_5,as.factor(Group),C-B,0,6.316666666666666,1.4303239189572272,11.203009414376105,0.02606486772441574
EE2,Dose_6,as.factor(Group),B-A,0,-0.24533333333333474,-9.33791894356437,8.8472522768977,0.996230914336508
EE2,Dose_6,as.factor(Group),C-A,0,-4.3706666666666685,-13.463252276897704,4.721918943564367,0.6032766686386304
EE2,Dose_6,as.factor(Group),C-B,0,-4.125333333333334,-13.217918943564369,4.967252276897701,0.6032766686386304
Fadrozole,Dose_1,as.factor(Group),B-A,0,6.1146666666666665,-4.90771278813426,17.13704612146759,0.2793645097317502
Fadrozole,Dose_1,as.factor(Group),C-A,0,12.530333333333335,1.5079538785324083,23.55271278813426,0.09037055266768179
Fadrozole,Dose_1,as.factor(Group),C-B,0,6.415666666666668,-4.606712788134258,17.438046121467593,0.2793645097317502
Fadrozole,Dose_2,as.factor(Group),B-A,0,1.3783333333333356,-13.071130086182961,15.827796752849633,0.9542309225847556
Fadrozole,Dose_2,as.factor(Group),C-A,0,5.4090000000000025,-9.040463419516295,19.858463419516298,0.9542309225847556
Fadrozole,Dose_2,as.factor(Group),C-B,0,4.030666666666667,-10.41879675284963,18.480130086182964,0.9542309225847556
Fadrozole,Dose_3,as.factor(Group),B-A,0,2.892000000000003,-4.971267736661573,10.75526773666158,0.5044392626013743
Fadrozole,Dose_3,as.factor(Group),C-A,0,9.436333333333337,0.6449327411052383,18.227733925561438,0.1166182581772629
Fadrozole,Dose_3,as.factor(Group),C-B,0,6.544333333333335,-2.2470672588947638,15.335733925561435,0.19013377933973075
Fadrozole,Dose_4,as.factor(Group),B-A,0,7.798000000000001,2.4432912890840637,13.152708710915938,0.015127342160517365
Fadrozole,Dose_4,as.factor(Group),C-A,0,10.200333333333333,4.845624622417396,15.55504204424927,0.00802963271396806
Fadrozole,Dose_4,as.factor(Group),C-B,0,2.402333333333333,-2.9523753775826043,7.75704204424927,0.40925972613632966
Fadrozole,Dose_5,as.factor(Group),B-A,0,0.6020000000000039,-12.343033917996628,13.547033917996636,0.9888591264771317
Fadrozole,Dose_5,as.factor(Group),C-A,0,6.781666666666672,-6.16336725132996,19.726700584663305,0.5553841533056536
Fadrozole,Dose_5,as.factor(Group),C-B,0,6.179666666666668,-6.765367251329964,19.1247005846633,0.5553841533056536
Fadrozole,Dose_6,as.factor(Group),B-A,0,6.1863333333333355,0.6828099591735635,11.689856707493107,0.09045005840385212
Fadrozole,Dose_6,as.factor(Group),C-A,0,5.232333333333337,-0.2711900408264354,10.73585670749311,0.09045005840385212
Fadrozole,Dose_6,as.factor(Group),C-B,0,-0.9539999999999988,-6.457523374159771,4.549523374159773,0.8590484446093947
Fenitrothione,Dose_1,as.factor(Group),B-A,0,-1.3099999999999978,-8.280783780984422,5.660783780984427,0.837132301506436
Fenitrothione,Dose_1,as.factor(Group),C-A,0,9.22666666666667,2.2558828856822455,16.197450447651093,0.023457536039980798
Fenitrothione,Dose_1,as.factor(Group),C-B,0,10.536666666666667,3.5658828856822424,17.50745044765109,0.023457536039980798
Fenitrothione,Dose_2,as.factor(Group),B-A,0,2.6000000000000023,-1.2304347496645311,6.430434749664536,0.17378549200647742
Fenitrothione,Dose_2,as.factor(Group),C-A,0,9.447000000000003,5.616565250335469,13.277434749664536,0.002030345030347269
Fenitrothione,Dose_2,as.factor(Group),C-B,0,6.847000000000001,3.016565250335468,10.677434749664535,0.005557549980334142
Fenitrothione,Dose_3,as.factor(Group),B-A,0,4.125333333333334,-4.457669785406081,12.708336452072748,0.5490100548604937
Fenitrothione,Dose_3,as.factor(Group),C-A,0,4.373666666666667,-4.209336452072748,12.956669785406081,0.5490100548604937
Fenitrothione,Dose_3,as.factor(Group),C-B,0,0.24833333333333307,-8.334669785406081,8.831336452072748,0.9956676428138764
Fenitrothione,Dose_4,as.factor(Group),B-A,0,6.304333333333332,3.359334809370768,9.249331857295896,0.003688749345514719
Fenitrothione,Dose_4,as.factor(Group),C-A,0,0.601666666666667,-2.3433318572958974,3.5466651906292315,0.8114203113015231
Fenitrothione,Dose_4,as.factor(Group),C-B,0,-5.702666666666666,-8.64766519062923,-2.757668142704101,0.003688749345514719
Fenitrothione,Dose_5,as.factor(Group),B-A,0,5.224333333333334,-0.04420638183259573,10.492873048499263,0.07722776883510918
Fenitrothione,Dose_5,as.factor(Group),C-A,0,6.132500000000003,0.24209352736580403,12.022906472634201,0.07722776883510918
Fenitrothione,Dose_5,as.factor(Group),C-B,0,0.908166666666669,-4.98223980596753,6.798573139300868,0.8737567839035656
Fenitrothione,Dose_6,as.factor(Group),B-A,0,1.5253333333333337,-6.90027165891936,9.950938325586028,0.9214853446575373
Fenitrothione,Dose_6,as.factor(Group),C-A,0,2.5903333333333345,-5.83527165891936,11.015938325586028,0.9214853446575373
Fenitrothione,Dose_6,as.factor(Group),C-B,0,1.0650000000000008,-7.360604992252693,9.490604992252695,0.9214853446575373
Fluoxetine,Dose_1,as.factor(Group),B-A,0,0.9936666666666669,-1.9568718737755582,3.944205207108892,0.8773631990597961
Fluoxetine,Dose_1,as.factor(Group),C-A,0,-0.11499999999999932,-3.0655385404422244,2.8355385404422258,0.9921567511458927
Fluoxetine,Dose_1,as.factor(Group),C-B,0,-1.1086666666666662,-4.059205207108891,1.8418718737755588,0.8773631990597961
Fluoxetine,Dose_2,as.factor(Group),B-A,0,3.313333333333334,-2.0758791175529328,8.7025457842196,0.558554252969905
Fluoxetine,Dose_2,as.factor(Group),C-A,0,0.7493333333333335,-4.639879117552933,6.1385457842196,0.9060543725925921
Fluoxetine,Dose_2,as.factor(Group),C-B,0,-2.564,-7.953212450886267,2.8252124508862666,0.558554252969905
Fluoxetine,Dose_3,as.factor(Group),B-A,0,-0.5833333333333339,-4.4143759219488885,3.24770925528222,0.980070583663851
Fluoxetine,Dose_3,as.factor(Group),C-A,0,-0.8223333333333342,-4.653375921948888,3.00870925528222,0.980070583663851
Fluoxetine,Dose_3,as.factor(Group),C-B,0,-0.23900000000000032,-4.0700425886155545,3.592042588615554,0.980070583663851
Fluoxetine,Dose_4,as.factor(Group),B-A,0,0.3936666666666673,-5.8414627459237405,6.628796079257075,0.9795940176006188
Fluoxetine,Dose_4,as.factor(Group),C-A,0,1.5876666666666672,-4.6474627459237405,7.822796079257075,0.9795940176006188
Fluoxetine,Dose_4,as.factor(Group),C-B,0,1.194,-5.041129412590408,7.429129412590408,0.9795940176006188
Fluoxetine,Dose_5,as.factor(Group),B-A,0,1.0683333333333334,-6.2559401074630365,8.392606774129703,0.9957722327621932
Fluoxetine,Dose_5,as.factor(Group),C-A,0,1.2776666666666663,-6.046606774129703,8.601940107463037,0.9957722327621932
Fluoxetine,Dose_5,as.factor(Group),C-B,0,0.20933333333333293,-7.1149401074630365,7.533606774129703,0.9957722327621932
Fluoxetine,Dose_6,as.factor(Group),B-A,0,2.427333333333333,-2.291554371023596,7.146221037690262,0.4863169944270222
Fluoxetine,Dose_6,as.factor(Group),C-A,0,-1.2530000000000001,-5.971887704356929,3.4658877043569287,0.7083925927176087
Fluoxetine,Dose_6,as.factor(Group),C-B,0,-3.680333333333333,-8.399221037690262,1.0385543710235958,0.35101570605260746
Flutamide,Dose_1,as.factor(Group),B-A,0,4.135000000000002,-4.165290023216899,12.435290023216902,0.7538184600210585
Flutamide,Dose_1,as.factor(Group),C-A,0,2.150333333333336,-6.149956689883565,10.450623356550237,0.7538184600210585
Flutamide,Dose_1,as.factor(Group),C-B,0,-1.9846666666666657,-10.284956689883566,6.315623356550235,0.7538184600210585
Flutamide,Dose_2,as.factor(Group),B-A,0,1.5183333333333326,-4.920417903316478,7.957084569983143,0.9965580360789026
Flutamide,Dose_2,as.factor(Group),C-A,0,1.3523333333333323,-5.0864179033164785,7.791084569983143,0.9965580360789026
Flutamide,Dose_2,as.factor(Group),C-B,0,-0.16600000000000037,-6.604751236649811,6.27275123664981,0.9965580360789026
Flutamide,Dose_3,as.factor(Group),B-A,0,4.8463333333333365,-1.0985844858026486,10.791251152469322,0.15286848774666556
Flutamide,Dose_3,as.factor(Group),C-A,0,-1.2163333333333313,-7.161251152469316,4.728584485802654,0.8109406175104229
Flutamide,Dose_3,as.factor(Group),C-B,0,-6.062666666666668,-12.007584485802653,-0.11774884753068271,0.1392137150816044
Flutamide,Dose_4,as.factor(Group),B-A,0,0.5273333333333357,-13.564658595388476,14.619325262055149,0.9974488555365484
Flutamide,Dose_4,as.factor(Group),C-A,0,0.857000000000002,-14.898325945500169,16.612325945500174,0.9974488555365484
Flutamide,Dose_4,as.factor(Group),C-B,0,0.32966666666666633,-15.425659278833505,16.084992612166836,0.9974488555365484
Flutamide,Dose_5,as.factor(Group),B-A,0,4.725666666666671,-3.8126630263216548,13.263996359654996,0.4210613233882463
Flutamide,Dose_5,as.factor(Group),C-A,0,-0.7159999999999975,-9.254329692988323,7.822329692988328,0.9643779615922774
Flutamide,Dose_5,as.factor(Group),C-B,0,-5.441666666666668,-13.979996359654994,3.0966630263216572,0.4210613233882463
Flutamide,Dose_6,as.factor(Group),B-A,0,-0.8343333333333334,-5.6011042806264015,3.932437613959735,0.8565649270878959
Flutamide,Dose_6,as.factor(Group),C-A,0,0.9763333333333337,-3.7904376139597344,5.743104280626402,0.8565649270878959
Flutamide,Dose_6,as.factor(Group),C-B,0,1.810666666666667,-2.956104280626401,6.577437613959735,0.8565649270878959
Glyphosate,Dose_1,as.factor(Group),B-A,0,7.984833333333336,-3.8243747088374658,19.794041375504136,0.24803994477492924
Glyphosate,Dose_1,as.factor(Group),C-A,0,0.024000000000004462,-10.538476777092441,10.58647677709245,0.999969862731674
Glyphosate,Dose_1,as.factor(Group),C-B,0,-7.960833333333332,-19.770041375504135,3.8483747088374702,0.24803994477492924
Glyphosate,Dose_2,as.factor(Group),B-A,0,2.349666666666666,-7.9188322595948435,12.618165592928175,0.7711750612297533
Glyphosate,Dose_2,as.factor(Group),C-A,0,-2.7230000000000008,-12.99149892626151,7.545498926261509,0.7711750612297533
Glyphosate,Dose_2,as.factor(Group),C-B,0,-5.072666666666667,-15.341165592928176,5.195832259594843,0.7711750612297533
Glyphosate,Dose_3,as.factor(Group),B-A,0,-7.25133333333333,-14.431463461359831,-0.07120320530682811,0.07224588662275339
Glyphosate,Dose_3,as.factor(Group),C-A,0,-11.657666666666664,-18.837796794693165,-4.477536538640162,0.01795158125448637
Glyphosate,Dose_3,as.factor(Group),C-B,0,-4.406333333333333,-11.586463461359834,2.773796794693168,0.2235027632517692
Glyphosate,Dose_4,as.factor(Group),B-A,0,0.21799999999999908,-6.197858761992546,6.633858761992544,0.9940316173722171
Glyphosate,Dose_4,as.factor(Group),C-A,0,-1.407,-7.822858761992545,5.008858761992545,0.9940316173722171
Glyphosate,Dose_4,as.factor(Group),C-B,0,-1.6249999999999991,-8.040858761992544,4.790858761992546,0.9940316173722171
Glyphosate,Dose_5,as.factor(Group),B-A,0,-14.482666666666663,-21.24142037137089,-7.723912961962436,0.004334655782006647
Glyphosate,Dose_5,as.factor(Group),C-A,0,-3.726000000000001,-10.484753704704229,3.032753704704226,0.2829982703482986
Glyphosate,Dose_5,as.factor(Group),C-B,0,10.756666666666662,3.9979129619624354,17.51542037137089,0.009894680145093815
Glyphosate,Dose_6,as.factor(Group),B-A,0,1.5109999999999992,-8.67971478878634,11.701714788786338,0.8941063302526056
Glyphosate,Dose_6,as.factor(Group),C-A,0,3.2606666666666664,-6.930048122119673,13.451381455453006,0.8941063302526056
Glyphosate,Dose_6,as.factor(Group),C-B,0,1.7496666666666671,-8.441048122119671,11.940381455453007,0.8941063302526056
Malathion,Dose_1,as.factor(Group),B-A,0,15.684999999999999,-0.16493731308134407,31.534937313081343,0.15602249452542616
Malathion,Dose_1,as.factor(Group),C-A,0,7.248666666666667,-8.601270646414676,23.09860397974801,0.39716807962502354
Malathion,Dose_1,as.factor(Group),C-B,0,-8.43633333333333,-24.28627064641467,7.413603979748013,0.39716807962502354
Malathion,Dose_2,as.factor(Group),B-A,0,3.0046666666666617,-5.75358664653646,11.762919979869784,0.5742294186302412
Malathion,Dose_2,as.factor(Group),C-A,0,-4.036333333333336,-12.794586646536459,4.721919979869786,0.5742294186302412
Malathion,Dose_2,as.factor(Group),C-B,0,-7.040999999999998,-15.79925331320312,1.7172533132031242,0.31952335557633804
Malathion,Dose_3,as.factor(Group),B-A,0,-0.08300000000000018,-13.655981385986093,13.489981385986093,0.9998059345556889
Malathion,Dose_3,as.factor(Group),C-A,0,-2.613666666666667,-16.18664805265276,10.959314719319426,0.9998059345556889
Malathion,Dose_3,as.factor(Group),C-B,0,-2.530666666666667,-16.10364805265276,11.042314719319426,0.9998059345556889
Malathion,Dose_4,as.factor(Group),B-A,0,4.118833333333335,-21.45607696866202,29.69374363532869,0.986814983851527
Malathion,Dose_4,as.factor(Group),C-A,0,5.34,-17.53489518148852,28.21489518148852,0.986814983851527
Malathion,Dose_4,as.factor(Group),C-B,0,1.2211666666666652,-24.35374363532869,26.79607696866202,0.986814983851527
Malathion,Dose_5,as.factor(Group),B-A,0,17.131,3.4833192154687644,30.778680784531236,0.048636127744441204
Malathion,Dose_5,as.factor(Group),C-A,0,15.23866666666667,1.5909858821354348,28.886347451197906,0.048636127744441204
Malathion,Dose_5,as.factor(Group),C-B,0,-1.8923333333333296,-15.540014117864565,11.755347451197906,0.9065433320895644
Malathion,Dose_6,as.factor(Group),B-A,0,6.580333333333331,-13.337192126044815,26.49785879271148,0.8746678494788426
Malathion,Dose_6,as.factor(Group),C-A,0,-3.236333333333336,-23.153858792711482,16.681192126044813,0.8746678494788426
Malathion,Dose_6,as.factor(Group),C-B,0,-9.816666666666666,-29.734192126044814,10.100858792711481,0.8746678494788426
NN-Dimethylformamide,Dose_1,as.factor(Group),B-A,0,0.851,-6.665135129203452,8.36713512920345,0.9363282676789472
NN-Dimethylformamide,Dose_1,as.factor(Group),C-A,0,2.4943333333333326,-5.021801795870119,10.010468462536785,0.9363282676789472
NN-Dimethylformamide,Dose_1,as.factor(Group),C-B,0,1.6433333333333326,-5.872801795870119,9.159468462536784,0.9363282676789472
NN-Dimethylformamide,Dose_2,as.factor(Group),B-A,0,-3.9366666666666683,-10.875034193033132,3.0017008596997954,0.39969002630820266
NN-Dimethylformamide,Dose_2,as.factor(Group),C-A,0,-7.070666666666668,-14.00903419303313,-0.13229914030020407,0.13960080026115362
NN-Dimethylformamide,Dose_2,as.factor(Group),C-B,0,-3.1339999999999995,-10.072367526366463,3.8043675263664642,0.4049851396285624
NN-Dimethylformamide,Dose_3,as.factor(Group),B-A,0,-2.833333333333334,-7.886193733669389,2.219527067002721,0.628436209194282
NN-Dimethylformamide,Dose_3,as.factor(Group),C-A,0,-0.6010000000000009,-5.653860400336056,4.451860400336054,0.930047565727374
NN-Dimethylformamide,Dose_3,as.factor(Group),C-B,0,2.232333333333333,-2.820527067002722,7.285193733669388,0.628436209194282
NN-Dimethylformamide,Dose_4,as.factor(Group),B-A,0,1.4413333333333327,-6.528760966657724,9.41142763332439,0.832100339590532
NN-Dimethylformamide,Dose_4,as.factor(Group),C-A,0,4.710666666666666,-2.418002390078775,11.839335723412105,0.5217942571737816
NN-Dimethylformamide,Dose_4,as.factor(Group),C-B,0,3.269333333333333,-4.7007609666577235,11.23942763332439,0.6567878577929203
NN-Dimethylformamide,Dose_5,as.factor(Group),B-A,0,-1.163666666666665,-7.519797305599582,5.192463972266252,0.8445309335085485
NN-Dimethylformamide,Dose_5,as.factor(Group),C-A,0,8.037333333333336,1.6812026944004197,14.393463972266254,0.02872870029389163
NN-Dimethylformamide,Dose_5,as.factor(Group),C-B,0,9.201,2.844869361067084,15.557130638932918,0.02872870029389163
NN-Dimethylformamide,Dose_6,as.factor(Group),B-A,0,1.0270000000000028,-6.074168660561499,8.128168660561505,0.9027144799722996
NN-Dimethylformamide,Dose_6,as.factor(Group),C-A,0,-1.0059999999999985,-8.1071686605615,6.095168660561503,0.9027144799722996
NN-Dimethylformamide,Dose_6,as.factor(Group),C-B,0,-2.0330000000000013,-9.134168660561503,5.068168660561501,0.9027144799722996
Prochloraz,Dose_1,as.factor(Group),B-A,0,1.604,-5.980606919336969,9.18860691933697,0.9998674293174594
Prochloraz,Dose_1,as.factor(Group),C-A,0,1.642333333333334,-5.942273586003635,9.226940252670303,0.9998674293174594
Prochloraz,Dose_1,as.factor(Group),C-B,0,0.038333333333333997,-7.546273586003635,7.622940252670303,0.9998674293174594
Prochloraz,Dose_2,as.factor(Group),B-A,0,2.2858333333333336,-4.419424097964555,8.991090764631222,0.8242761116577545
Prochloraz,Dose_2,as.factor(Group),C-A,0,-0.23933333333333273,-6.236697902540414,5.758031235873749,0.9907643674954965
Prochloraz,Dose_2,as.factor(Group),C-B,0,-2.5251666666666663,-9.230424097964555,4.180090764631222,0.8242761116577545
Prochloraz,Dose_3,as.factor(Group),B-A,0,5.611833333333336,-1.2677112165093591,12.491377883176032,0.29126443467865126
Prochloraz,Dose_3,as.factor(Group),C-A,0,2.887333333333335,-3.265918373741247,9.040585040407917,0.4594327898907402
Prochloraz,Dose_3,as.factor(Group),C-B,0,-2.724500000000001,-9.604044549842696,4.155044549842694,0.4594327898907402
Prochloraz,Dose_4,as.factor(Group),B-A,0,4.2236666666666665,-6.788665221304749,15.235998554638082,0.7611616848757258
Prochloraz,Dose_4,as.factor(Group),C-A,0,4.5103333333333335,-6.501998554638082,15.522665221304749,0.7611616848757258
Prochloraz,Dose_4,as.factor(Group),C-B,0,0.28666666666666707,-10.725665221304748,11.298998554638082,0.9964911108037845
Prochloraz,Dose_5,as.factor(Group),B-A,0,-0.4213333333333331,-4.1026411774932265,3.2599745108265603,0.935000047937819
Prochloraz,Dose_5,as.factor(Group),C-A,0,0.44599999999999973,-3.2353078441598937,4.127307844159893,0.935000047937819
Prochloraz,Dose_5,as.factor(Group),C-B,0,0.8673333333333328,-2.8139745108265606,4.548641177493226,0.935000047937819
Prochloraz,Dose_6,as.factor(Group),B-A,0,5.901,1.774310260182876,10.027689739817124,0.03294822913042739
Prochloraz,Dose_6,as.factor(Group),C-A,0,2.166666666666668,-1.960023073150456,6.293356406483792,0.3118379214706226
Prochloraz,Dose_6,as.factor(Group),C-B,0,-3.734333333333332,-7.861023073150456,0.3923564064837919,0.10785640913133426
SDS,Dose_1,as.factor(Group),B-A,0,-0.31299999999999994,-5.236499065268729,4.61049906526873,0.9793152967851396
SDS,Dose_1,as.factor(Group),C-A,0,1.829666666666667,-3.0938323986020624,6.753165731935397,0.790089832882885
SDS,Dose_1,as.factor(Group),C-B,0,2.142666666666667,-2.7808323986020627,7.0661657319353965,0.790089832882885
SDS,Dose_2,as.factor(Group),B-A,0,3.9486666666666657,-1.3514695152932936,9.248802848626624,0.4024495263002902
SDS,Dose_2,as.factor(Group),C-A,0,1.169000000000001,-4.131136181959958,6.469136181959961,0.7849335634237792
SDS,Dose_2,as.factor(Group),C-B,0,-2.7796666666666647,-8.079802848626624,2.5204695152932945,0.4687620194125081
SDS,Dose_3,as.factor(Group),B-A,0,2.766666666666667,-4.803744714926056,10.337078048259391,0.8721850374013969
SDS,Dose_3,as.factor(Group),C-A,0,2.476500000000001,-5.8164701665843666,10.76947016658437,0.8721850374013969
SDS,Dose_3,as.factor(Group),C-B,0,-0.290166666666666,-7.86057804825939,7.280244714926058,0.9897912381216812
SDS,Dose_4,as.factor(Group),B-A,0,0.7936666666666672,-5.80290707026816,7.390240403601496,0.9978930689418704
SDS,Dose_4,as.factor(Group),C-A,0,0.9266666666666676,-5.66990707026816,7.523240403601496,0.9978930689418704
SDS,Dose_4,as.factor(Group),C-B,0,0.13300000000000045,-6.463573736934828,6.729573736934828,0.9978930689418704
SDS,Dose_5,as.factor(Group),B-A,0,-0.33066666666666666,-3.9483900230434563,3.287056689710123,0.9908538342095204
SDS,Dose_5,as.factor(Group),C-A,0,-0.4830000000000001,-4.10072335637679,3.1347233563767896,0.9908538342095204
SDS,Dose_5,as.factor(Group),C-B,0,-0.15233333333333343,-3.770056689710123,3.4653900230434562,0.9908538342095204
SDS,Dose_6,as.factor(Group),B-A,0,2.7800000000000007,-0.7509937525071351,6.3109937525071365,0.17049564584404825
SDS,Dose_6,as.factor(Group),C-A,0,-1.453333333333333,-4.9843270858404685,2.077660419173803,0.4635600260685181
SDS,Dose_6,as.factor(Group),C-B,0,-4.233333333333333,-7.764327085840469,-0.7023395808261976,0.07232297714997604
TEG,Dose_1,as.factor(Group),B-A,0,-3.231333333333332,-13.731626542510622,7.268959875843958,0.9082109876108456
TEG,Dose_1,as.factor(Group),C-A,0,-4.673333333333332,-15.173626542510622,5.826959875843958,0.9082109876108456
TEG,Dose_1,as.factor(Group),C-B,0,-1.4420000000000006,-11.94229320917729,9.05829320917729,0.9082109876108456
TEG,Dose_2,as.factor(Group),B-A,0,5.637000000000002,-1.6315129458513749,12.90551294585138,0.26540467103582405
TEG,Dose_2,as.factor(Group),C-A,0,1.3703333333333365,-5.898179612518041,8.638846279184714,0.8194460840576746
TEG,Dose_2,as.factor(Group),C-B,0,-4.266666666666666,-10.767822283571038,2.234488950237706,0.26540467103582405
TEG,Dose_3,as.factor(Group),B-A,0,0.3200000000000003,-3.9715484158234062,4.611548415823407,0.9682726588634232
TEG,Dose_3,as.factor(Group),C-A,0,-0.637666666666667,-5.435763659923003,4.160430326589669,0.9682726588634232
TEG,Dose_3,as.factor(Group),C-B,0,-0.9576666666666673,-5.755763659923003,3.8404303265896687,0.9682726588634232
TEG,Dose_4,as.factor(Group),B-A,0,-0.5719999999999992,-18.728034482751927,17.584034482751928,0.9991914693241002
TEG,Dose_4,as.factor(Group),C-A,0,0.22666666666667012,-17.929367816085257,18.382701149418597,0.9991914693241002
TEG,Dose_4,as.factor(Group),C-B,0,0.7986666666666693,-17.357367816085258,18.954701149418597,0.9991914693241002
TEG,Dose_5,as.factor(Group),B-A,0,-2.6019999999999968,-8.544173083219132,3.3401730832191383,0.596667510986602
TEG,Dose_5,as.factor(Group),C-A,0,-3.02933333333333,-8.971506416552465,2.912839749885805,0.596667510986602
TEG,Dose_5,as.factor(Group),C-B,0,-0.42733333333333334,-5.742174512592333,4.887507845925667,0.9632442393868813
TEG,Dose_6,as.factor(Group),B-A,0,1.859,-5.436130349496992,9.154130349496992,0.9997690442080824
TEG,Dose_6,as.factor(Group),C-A,0,1.9076666666666666,-5.387463682830325,9.202797016163657,0.9997690442080824
TEG,Dose_6,as.factor(Group),C-B,0,0.048666666666666636,-7.246463682830325,7.343797016163658,0.9997690442080824
TGSH,Dose_1,as.factor(Group),B-A,0,-0.3338333333333332,-4.6505283964207145,3.9828617297540476,0.9659294815541326
TGSH,Dose_1,as.factor(Group),C-A,0,-0.8774999999999997,-5.19419506308738,3.4391950630873813,0.9659294815541326
TGSH,Dose_1,as.factor(Group),C-B,0,-0.5436666666666665,-4.404636106347117,3.3173027730137843,0.9659294815541326
TGSH,Dose_2,as.factor(Group),B-A,0,-1.9186666666666659,-5.648661456460227,1.8113281231268945,0.48631379077050146
TGSH,Dose_2,as.factor(Group),C-A,0,-2.6443333333333325,-6.374328123126893,1.0856614564602278,0.4634754833349758
TGSH,Dose_2,as.factor(Group),C-B,0,-0.7256666666666667,-4.455661456460227,3.0043281231268937,0.8268639076711094
TGSH,Dose_3,as.factor(Group),B-A,0,0.6086666666666676,-5.026266512856633,6.243599846189969,0.9984008450451164
TGSH,Dose_3,as.factor(Group),C-A,0,-0.10433333333333206,-6.4043801523748956,6.195713485708231,0.9984008450451164
TGSH,Dose_3,as.factor(Group),C-B,0,-0.7129999999999996,-7.013046819041563,5.587046819041564,0.9984008450451164
TGSH,Dose_4,as.factor(Group),B-A,0,-0.38333333333333286,-5.124922301060539,4.358255634393873,0.9668347494618608
TGSH,Dose_4,as.factor(Group),C-A,0,-3.511666666666667,-8.253255634393874,1.229922301060539,0.2806661360410469
TGSH,Dose_4,as.factor(Group),C-B,0,-3.1283333333333343,-7.869922301060541,1.6132556343938718,0.2806661360410469
TGSH,Dose_5,as.factor(Group),B-A,0,-0.04999999999999938,-8.758734140594292,8.658734140594294,0.9998076052713996
TGSH,Dose_5,as.factor(Group),C-A,0,-1.6179999999999994,-11.354660768171026,8.118660768171026,0.9998076052713996
TGSH,Dose_5,as.factor(Group),C-B,0,-1.568,-11.304660768171026,8.168660768171026,0.9998076052713996
TGSH,Dose_6,as.factor(Group),B-A,0,1.5618333333333347,-5.539550238779061,8.66321690544573,0.9442567738620516
TGSH,Dose_6,as.factor(Group),C-A,0,-0.6333333333333317,-6.98500389395077,5.718337227284106,0.9442567738620516
TGSH,Dose_6,as.factor(Group),C-B,0,-2.1951666666666663,-9.296550238779062,4.906216905445729,0.9442567738620516
Trenbolone,Dose_1,as.factor(Group),B-A,0,2.2730000000000015,-15.337645294085911,19.883645294085916,0.9291781476817281
Trenbolone,Dose_1,as.factor(Group),C-A,0,-1.7803333333333313,-17.531773335418478,13.971106668751817,0.9291781476817281
Trenbolone,Dose_1,as.factor(Group),C-B,0,-4.053333333333333,-21.663978627419247,13.55731196075258,0.9291781476817281
Trenbolone,Dose_2,as.factor(Group),B-A,0,4.120333333333335,-12.057559438727655,20.298226105394324,0.9999009725556085
Trenbolone,Dose_2,as.factor(Group),C-A,0,4.191000000000001,-11.986892772060989,20.36889277206099,0.9999009725556085
Trenbolone,Dose_2,as.factor(Group),C-B,0,0.07066666666666688,-16.10722610539432,16.248559438727657,0.9999009725556085
Trenbolone,Dose_3,as.factor(Group),B-A,0,11.890333333333334,-6.631763184003379,30.412429850670048,0.6014035549575321
Trenbolone,Dose_3,as.factor(Group),C-A,0,6.592333333333334,-11.929763184003379,25.11442985067005,0.6726882644976817
Trenbolone,Dose_3,as.factor(Group),C-B,0,-5.298000000000001,-23.820096517336715,13.224096517336712,0.6726882644976817
Trenbolone,Dose_4,as.factor(Group),B-A,0,19.23433333333333,-6.524796798291405,44.99346346495806,0.39979820068058847
Trenbolone,Dose_4,as.factor(Group),C-A,0,11.121333333333332,-14.6377967982914,36.88046346495807,0.6223817343497882
Trenbolone,Dose_4,as.factor(Group),C-B,0,-8.112999999999996,-33.87213013162473,17.646130131624737,0.6223817343497882
Trenbolone,Dose_5,as.factor(Group),B-A,0,2.5786666666666687,-10.873424634169668,16.030757967503007,0.8313159737873985
Trenbolone,Dose_5,as.factor(Group),C-A,0,14.126666666666672,0.6745753658303357,27.57875796750301,0.12427452161162222
Trenbolone,Dose_5,as.factor(Group),C-B,0,11.548000000000004,-1.904091300836333,25.00009130083634,0.12914134351660733
Trenbolone,Dose_6,as.factor(Group),B-A,0,3.402666666666665,-14.407803865635856,21.213137198969186,0.8323149759220568
Trenbolone,Dose_6,as.factor(Group),C-A,0,-5.333000000000001,-23.143470532302523,12.477470532302519,0.8323149759220568
Trenbolone,Dose_6,as.factor(Group),C-B,0,-8.735666666666667,-26.546137198969188,9.074803865635854,0.8323149759220568
Vinclozolin,Dose_1,as.factor(Group),B-A,0,-2.425666666666669,-14.10533634961115,9.254003016277814,0.9509520871565103
Vinclozolin,Dose_1,as.factor(Group),C-A,0,-3.5803333333333374,-15.26000301627782,8.099336349611145,0.9509520871565103
Vinclozolin,Dose_1,as.factor(Group),C-B,0,-1.1546666666666683,-12.83433634961115,10.525003016277815,0.9509520871565103
Vinclozolin,Dose_2,as.factor(Group),B-A,0,2.376666666666667,-15.989748137384288,20.74308147071762,0.9930016502261583
Vinclozolin,Dose_2,as.factor(Group),C-A,0,0.6759999999999984,-17.690414804050956,19.042414804050953,0.9930016502261583
Vinclozolin,Dose_2,as.factor(Group),C-B,0,-1.7006666666666685,-20.067081470717625,16.665748137384284,0.9930016502261583
Vinclozolin,Dose_3,as.factor(Group),B-A,0,6.710333333333335,-8.094232190450446,21.514898857117117,0.8965500308832943
Vinclozolin,Dose_3,as.factor(Group),C-A,0,4.542666666666669,-10.261898857117112,19.34723219045045,0.8965500308832943
Vinclozolin,Dose_3,as.factor(Group),C-B,0,-2.1676666666666655,-16.97223219045045,12.636898857117115,0.8965500308832943
Vinclozolin,Dose_4,as.factor(Group),B-A,0,4.681999999999999,-9.422389802807766,18.78638980280776,0.9418480016851609
Vinclozolin,Dose_4,as.factor(Group),C-A,0,0.2846666666666664,-13.819723136141098,14.389056469474431,0.9978887131605495
Vinclozolin,Dose_4,as.factor(Group),C-B,0,-4.397333333333332,-18.501723136141095,9.707056469474432,0.9418480016851609
Vinclozolin,Dose_5,as.factor(Group),B-A,0,2.8643333333333327,-13.001514058478243,18.73018072514491,0.9289703203770051
Vinclozolin,Dose_5,as.factor(Group),C-A,0,-1.902333333333333,-17.76818072514491,13.963514058478243,0.9289703203770051
Vinclozolin,Dose_5,as.factor(Group),C-B,0,-4.766666666666666,-20.632514058478243,11.09918072514491,0.9289703203770051
Vinclozolin,Dose_6,as.factor(Group),B-A,0,0.718333333333339,-10.60641076658708,12.043077433253758,0.9794064754717302
Vinclozolin,Dose_6,as.factor(Group),C-A,0,-2.027999999999995,-13.352744099920415,9.296744099920424,0.9794064754717302
Vinclozolin,Dose_6,as.factor(Group),C-B,0,-2.746333333333334,-14.071077433253754,8.578410766587085,0.9794064754717302
